SizeRank,RegionID,RegionName,RegionType,2010-01,2010-02,2010-03,2010-04,2010-05,2010-06,2010-07,2010-08,2010-09,2010-10,2010-11,2010-12,2011-01,2011-02,2011-03,2011-04,2011-05,2011-06,2011-07,2011-08,2011-09,2011-10,2011-11,2011-12,2012-01,2012-02,2012-03,2012-04,2012-05,2012-06,2012-07,2012-08,2012-09,2012-10,2012-11,2012-12,2013-01,2013-02,2013-03,2013-04,2013-05,2013-06,2013-07,2013-08,2013-09,2013-10,2013-11,2013-12,2014-01,2014-02,2014-03,2014-04,2014-05,2014-06,2014-07,2014-08,2014-09,2014-10,2014-11,2014-12,2015-01,2015-02,2015-03,2015-04,2015-05,2015-06,2015-07,2015-08,2015-09,2015-10,2015-11,2015-12,2016-01,2016-02,2016-03,2016-04,2016-05,2016-06,2016-07,2016-08,2016-09,2016-10,2016-11,2016-12,2017-01,2017-02,2017-03,2017-04,2017-05,2017-06,2017-07,2017-08,2017-09,2017-10,2017-11,2017-12,2018-01,2018-02,2018-03,2018-04,2018-05,2018-06,2018-07,2018-08,2018-09
1,9,California,State,0.9680696587093984,0.9658502932045533,0.968421052631579,0.968,0.9705882352941176,0.9690721649484536,0.9689013908423191,0.9636363636363636,0.9578947368421052,0.953360768175583,0.9483793517406963,0.9428571428571428,0.9417040358744395,0.9392937902243869,0.9433962264150944,0.9472259810554804,0.9513395297977036,0.9535992557274101,0.9530542986425339,0.9524542237267272,0.9508196721311475,0.95,0.95,0.9501187648456056,0.9505376344086022,0.9528346831824679,0.9603900966327125,0.967741935483871,0.9767441860465116,0.9811465948441709,0.9838709677419355,0.9857040670345392,0.9857142857142858,0.9879839786381842,0.9898477157360406,0.990909090909091,0.9980806142034548,1,1,1,1.0003031221582297,1.0004349717268377,1.0002255477950932,1,1,0.9922903943216885,0.9848242137020935,0.98,0.9769923307769256,0.9820462832966614,0.9865168539325843,0.9894736842105263,0.9896432681242808,0.989048928021381,0.9866666666666667,0.9823929571828731,0.9782608695652174,0.9757894736842105,0.9732407268514457,0.9706601466992665,0.9693558474046279,0.975609756097561,0.9838709677419355,0.9888579387186629,0.9925307000886188,0.9926854754440961,0.9904761904761905,0.9889643463497453,0.9871244635193133,0.983538237132736,0.9807692307692307,0.9795748228428511,0.9782135076252724,0.9821627426026089,0.9894551845342706,0.9942652329749104,0.9982072944570369,0.9974278365247213,0.9941176470588236,0.989724175229854,0.9863945578231292,0.9845132743362832,0.9828009828009828,0.9803921568627451,0.980342505854801,0.9854014598540146,0.9928514694201748,1,1,1,1,0.9991338110064898,0.9923076923076923,0.9914680788467196,0.9904123156333091,0.9871244635193133,0.9864361636538509,0.9935379644588045,1,1,1,1,0.9968992248062015,0.9898477157360406,0.9838709677419355
2,54,Texas,State,0.9613987473903967,0.9595487441464453,0.9714115738236885,0.9741308438930631,0.9773449477351916,0.972122905027933,0.962317617259213,0.9568967741935483,0.9588998404639684,0.951431268295768,0.9421052631578948,0.9384334838485585,0.9323869156626506,0.9401426277372262,0.9475979899497488,0.9526030085022891,0.9529855133646832,0.9528072289156626,0.9467142857142857,0.9477277277277277,0.9494297050996726,0.9452363090772693,0.9410551084491012,0.94728,0.9488752556237219,0.9564619289340102,0.9584024773969371,0.9642729546266524,0.9673,0.9713031288011708,0.9716199954537188,0.9710255829165064,0.9718810810810811,0.9634421999450269,0.9638836772983115,0.9652380281630022,0.9652551724137931,0.9646790021724474,0.9712137835186396,0.9729293993677556,0.9745466666666667,0.9738585607940446,0.9720775969962453,0.9689765957446809,0.970865306122449,0.9655172413793104,0.961,0.9628740336516598,0.9578650121583148,0.9609316251027679,0.964262276639229,0.970377640920366,0.9738273921200751,0.9762893617021277,0.9733682008368201,0.9721625,0.9679272727272727,0.9607142857142857,0.9598303930005737,0.96562,0.9669384615384615,0.9695726495726495,0.9768133333333333,0.979856,0.985482736822957,0.9969187675070028,0.9814639667862817,0.978391356542617,0.9754171385428464,0.969351276742581,0.9698224852071006,0.9637537537537537,0.9676145339652449,0.9698996655518395,0.9766318085311716,0.9818373256120032,0.9828265481361754,0.9833333333333333,0.9824561403508771,0.9791666666666666,0.9742120343839542,0.9707317073170731,0.966542750929368,0.9662815055071289,0.9662980516061085,0.9688195991091314,0.9741162790697674,0.9764309764309764,0.9798571428571429,0.9790897489539749,0.9787130486712452,0.9743082191780822,0.9696785930867192,0.968664406779661,0.9656716417910448,0.9652916233747999,0.9658906666666667,0.9699316698701312,0.9731893805309735,0.9816699388997964,0.9827538744850368,0.9807075471698113,0.9781794841871864,0.9714424491778454,0.9733692452830189
3,43,New York,State,0.9056244041944709,0.9008433075933076,0.9072715143428952,0.9170487703209671,0.9228987112274152,0.9333333333333333,0.9257169306198018,0.9265850945494994,0.926056338028169,0.9170487703209671,0.9155937052932761,0.9127880429011362,0.9080459770114943,0.905982905982906,0.9081419624217119,0.9149631483799193,0.9204389574759945,0.9280500521376434,0.9299416180150125,0.9309309309309309,0.9220872051465332,0.9171762090050027,0.9073724007561437,0.9017341040462428,0.9008189262966333,0.8972602739726028,0.8998393144081414,0.9102730819245773,0.9195979899497487,0.9306122448979591,0.9355692850838482,0.9326424870466321,0.9313556398758193,0.9234828496042217,0.9177903436276642,0.9187279151943463,0.9136420525657072,0.9151824817518248,0.912234279107,0.925531914893617,0.9343434343434344,0.9436619718309859,0.9493536166750192,0.9513991163475699,0.9454148471615721,0.9377316530763529,0.935080405002978,0.9310344827586207,0.9284692417739628,0.9258710155670867,0.9298998569384835,0.9282700421940928,0.9400150402406439,0.948905109489051,0.9535020600353149,0.9514777040274854,0.9440104166666666,0.9383147347881,0.9354066985645934,0.9303030303030303,0.929368029739777,0.925,0.9259259259259259,0.937943971985993,0.9455268668466396,0.9523809523809523,0.9574848160057163,0.956140350877193,0.951188986232791,0.9456090048063023,0.9380097879282219,0.9383246032819839,0.9363636363636364,0.9393939393939394,0.9399075500770416,0.943952802359882,0.9532878932316492,0.9598870056497175,0.9645853193517636,0.9663866970937192,0.959375,0.9564449676280165,0.9558282208588957,0.951188986232791,0.9473684210526315,0.948509485094851,0.9511568123393316,0.9571428571428572,0.9655172413793104,0.97,0.9723546234509056,0.9711595055915244,0.9681093394077449,0.9642861659422097,0.9595421472845942,0.9573221768048288,0.9546666666666667,0.9531772575250836,0.9555984555984556,0.962278675904542,0.9699197726556792,0.976,0.9785653043726779,0.974025974025974,0.9679786381842457
4,14,Florida,State,0.88,0.8695652173913043,0.873015873015873,0.8790793682391318,0.8809523809523809,0.8873423227490214,0.8985061315496098,0.9005002779321846,0.8944543828264758,0.8888888888888888,0.8897519349475894,0.8886107634543179,0.8962067528136723,0.8904837852206273,0.8834618943417076,0.8827586206896552,0.8888271261812117,0.8930583492609316,0.8967173738991193,0.9029739776951673,0.9069767441860465,0.9024753657498261,0.9090909090909091,0.9111900718617678,0.9081356867071153,0.9095043201455207,0.9119496855345912,0.9125,0.9192059874511128,0.9230769230769231,0.9261576971214017,0.929368029739777,0.9290138161029061,0.9328859060402684,0.9323308270676691,0.9308176100628931,0.933955970647098,0.9306666666666666,0.9333333333333333,0.935672514619883,0.9386733416770964,0.9411764705882353,0.9451445515196442,0.9467667023937121,0.9466666666666667,0.9444444444444444,0.9431939978563773,0.9381663113006397,0.9352750809061489,0.9315743394256443,0.933955970647098,0.933604979253112,0.9364548494983278,0.9421594294122128,0.9411764705882353,0.9417304296645085,0.9411764705882353,0.9397590361445783,0.9384615384615385,0.9393939393939394,0.937498046813963,0.9361702127659575,0.9404332021489461,0.9428571428571428,0.9464285714285714,0.9493670886075949,0.95,0.9490333919156415,0.9482918916146241,0.947998164576323,0.9472022452201369,0.9477124183006536,0.9472981987991995,0.9458577951728636,0.9491137793024585,0.9503167722574192,0.9529533333333333,0.9549795361527967,0.9558221772893185,0.9558823529411765,0.9545040946314831,0.9539693128752502,0.9523809523809523,0.9510054363523167,0.9498861047835991,0.9487179487179487,0.9500316677222574,0.9512195121951219,0.953757225433526,0.9550274198450288,0.9554551323434474,0.9551020408163265,0.9552119402985075,0.9534883720930233,0.9539693128752502,0.9538461538461539,0.9523809523809523,0.952645974193322,0.9550561797752809,0.9559804357492219,0.9568421052631579,0.9587328053355565,0.9572901325478645,0.956486510661608,0.9554777388694348
5,21,Illinois,State,0.883283592112774,0.8856682769726248,0.88875,0.900225056264066,0.9064748201438849,0.9133964817320703,0.9096315993260338,0.9064155385520895,0.9045419553502695,0.8943089430894309,0.8917835671342685,0.8823529411764706,0.8788051997540423,0.8811881188118812,0.8863636363636364,0.885513153019637,0.8984573656551958,0.9032258064516129,0.9012658227848102,0.9025787965616046,0.8898776418242491,0.8878127522195319,0.8797300554350446,0.8839242350655658,0.88,0.8793208004851425,0.8844230413039452,0.8991399530883503,0.9133333333333333,0.9216867469879518,0.9233773761584468,0.9229058878864327,0.9208972845336482,0.9168765743073047,0.9169054441260746,0.9181969949916527,0.9128433084616606,0.914396887159533,0.9216725559481743,0.929368029739777,0.9402061855670103,0.9491592735692842,0.9505494505494505,0.9489302967563837,0.9472072353244827,0.9440546552823177,0.9362934362934363,0.9345794392523364,0.9328358208955224,0.9333333333333333,0.9319727891156463,0.9446543676372527,0.9507666187802011,0.9558232931726908,0.9539121114683816,0.95009500950095,0.9440559440559441,0.9386700041718815,0.931961120640366,0.9273182957393483,0.922427206045788,0.9230925293006851,0.9292682926829269,0.9428571428571428,0.9523399014778324,0.9563312123087153,0.9529411764705882,0.9503222357320211,0.9443631039531479,0.94,0.9351183851596581,0.9302325581395349,0.9262585158261007,0.9269756585528509,0.9379689844922461,0.9503655252020008,0.9575988565983802,0.9603340292275574,0.9600925390399074,0.9566486035848271,0.9511919624279175,0.9472567444680207,0.9437751004016064,0.9387875220718069,0.9363733835856781,0.9363831308077198,0.9475173276013336,0.9571496939263852,0.9634835523414763,0.9657560600230858,0.9636496706513784,0.96,0.9556617401933548,0.9510086455331412,0.9476117103235747,0.9436619718309859,0.9389913676458701,0.9392857142857143,0.9515246286161063,0.9633197480548351,0.9659587174323234,0.9683666881859264,0.9657142857142857,0.960327868852459,0.9555626337972873
6,47,Pennsylvania,State,0.9212950776520137,0.9157303370786517,0.928741760010054,0.9365687526607067,0.9428571428571428,0.9443777511004402,0.9382819015846539,0.9332321699544764,0.928,0.920816664367499,0.9226215022091311,0.9130245664466592,0.9088310945984567,0.9020214781763294,0.9088675854241173,0.9123013537374927,0.9255784865540964,0.9292735974898697,0.9309309309309309,0.9232480533926585,0.9174311926605505,0.91324200913242,0.9095652173913044,0.9041939207387457,0.9017543859649123,0.9004287756074321,0.9052924791086351,0.9166666666666666,0.9290138161029061,0.9345794392523364,0.9395386614684861,0.9354422207876049,0.9306260575296108,0.9283713485394157,0.9270516717325228,0.9247661651077674,0.9183027232425586,0.92,0.9258984809188588,0.9355932203389831,0.9451476793248945,0.9531772575250836,0.9522893420546364,0.9486029665401863,0.9432314410480349,0.9379310344827586,0.9309090909090909,0.9298998569384835,0.9266123054114158,0.9206928492034087,0.9303622872108249,0.937007874015748,0.9468782338737496,0.9550561797752809,0.9538461538461539,0.9483282674772037,0.9417304296645085,0.9364908503767492,0.9327354260089686,0.927536231884058,0.923432089265102,0.9199567333693889,0.9307359307359307,0.9414533686378347,0.9523355576739753,0.9571448105035998,0.9578947368421052,0.9528346831824679,0.9457870040555846,0.9444444444444444,0.9390774125132555,0.9375,0.9304703476482618,0.9304489416143289,0.9333333333333333,0.9487085546803444,0.9583333333333334,0.9649122807017544,0.9629814907453726,0.9589606104351412,0.9554777388694348,0.9533799533799534,0.9473684210526315,0.9438886472379295,0.9433962264150944,0.9382819015846539,0.9473407056345445,0.95954130665454,0.9653407769248662,0.970873786407767,0.9692307692307692,0.9654972455784285,0.9619230769230769,0.9574468085106383,0.954653937947494,0.9502375593898474,0.946969696969697,0.9462300991288676,0.952054794520548,0.9612550010528532,0.9711595055915244,0.9766555502620295,0.9740898655296819,0.9707236083235782,0.966183574879227
7,44,Ohio,State,0.8885298869143781,0.8922745460141582,0.9066487575554063,0.917673478419226,0.9206857549531688,0.9235505387378142,0.9166666666666666,0.9088888888888889,0.904655417767839,0.8939974457215837,0.8870967741935484,0.8942486085343229,0.8934953538241601,0.8919426742837924,0.8933048813016804,0.8981481481481481,0.905300948657195,0.9103255813953488,0.9126829268292683,0.9078462348604529,0.9021164021164021,0.9011264080100125,0.8962067528136723,0.8951707891637221,0.8876047526643446,0.8858267716535433,0.8990784445942909,0.909466721785862,0.9252313078269567,0.9302325581395349,0.92880978865406,0.9267431597528685,0.9194854692710814,0.9188841052301766,0.9169054441260746,0.9160892994611239,0.9151572926596759,0.9073842302878599,0.9176470588235294,0.9312477264459803,0.9432191571674521,0.9470899470899471,0.9478672985781991,0.9433962264150944,0.9403134378126042,0.9330143540669856,0.9322419281491587,0.9232480533926585,0.9237228831350595,0.9212121212121213,0.9333333333333333,0.940925015925016,0.9505591524426134,0.9560229445506692,0.9554140127388535,0.9476190476190476,0.9450607501320655,0.9384775808133472,0.9370629370629371,0.9310344827586207,0.9292351679771265,0.9299699376300898,0.940924249642687,0.9483667017913593,0.9573542210617929,0.9606404269513009,0.9607142857142857,0.9568480300187617,0.9515859766277128,0.9473684210526315,0.9414285714285714,0.9361430395913155,0.9411764705882353,0.9383033419023136,0.9473684210526315,0.9567567567567568,0.9629012088370155,0.9687847257298717,0.9683544303797469,0.9642857142857143,0.9600495509445649,0.9566184649610678,0.9536082474226805,0.949964260185847,0.9473684210526315,0.9444549383882043,0.9576923076923077,0.9658421672555948,0.9705882352941176,0.975609756097561,0.9749910682386567,0.9717756341550554,0.9675675675675676,0.962278675904542,0.9569377990430622,0.9523582658408766,0.9513590844062947,0.9532892175943947,0.9631019387116948,0.972972972972973,0.9773182121414277,0.9832935560859188,0.9797014925373134,0.9743589743589743,0.9702850212249848
8,30,Michigan,State,0.8857142857142857,0.8793969849246231,0.8893829905503057,0.8888888888888888,0.8969341161121983,0.9009009009009009,0.8995633187772926,0.9022556390977443,0.9,0.8953125,0.8833333333333333,0.8835341365461847,0.8925581395348837,0.8876190476190476,0.8969607116382505,0.895756498068142,0.9056501757231684,0.9099181073703366,0.9132369299221357,0.9133333333333333,0.9108400708400708,0.9090909090909091,0.905928395419626,0.9066100667070952,0.9059434506635892,0.9024390243902439,0.9090909090909091,0.9169921792053877,0.9329896907216495,0.9433962264150944,0.9443402126328956,0.9446808510638298,0.9411764705882353,0.9354120267260579,0.9333777798942807,0.9345106696100074,0.9345794392523364,0.9333333333333333,0.9375,0.9464627151051626,0.9523809523809523,0.9603841536614646,0.9645006710543009,0.96,0.9565217391304348,0.95,0.9409409409409409,0.9377344336084021,0.9311104120792703,0.930379746835443,0.9313229776114555,0.9411418481459682,0.9552238805970149,0.9620318111852232,0.962278675904542,0.9571428571428572,0.9539748953974896,0.944206008583691,0.9369369369369369,0.9336558160187731,0.9332443257676902,0.925,0.9366909861143798,0.9483667017913593,0.96,0.9639869043288468,0.9649749821300929,0.9594663930220626,0.9528346831824679,0.9478672985781991,0.9419283134203945,0.9399332591768632,0.9348914858096828,0.9361702127659575,0.9444444444444444,0.9573542210617929,0.9654827413706853,0.9705882352941176,0.9720176730486009,0.967741935483871,0.9633333333333334,0.9574468085106383,0.9533781390017715,0.9504752376188094,0.9435483870967742,0.9470198675496688,0.9547738693467337,0.9673115410273516,0.9761796170495372,0.9812382739212008,0.98,0.9736842105263158,0.9692307692307692,0.962536023054755,0.9559804357492219,0.9547738693467337,0.9525880817746847,0.9515340151178302,0.9622222222222222,0.974903474903475,0.9832635983263598,0.9853687667960586,0.9846153846153847,0.9776751347190146,0.9705882352941176
9,16,Georgia,State,0.8791994281629736,0.8814472671285605,0.8881345264947023,0.8952080042127436,0.8995296295028328,0.9087272727272727,0.9060955518945635,0.9024611348842793,0.89086859688196,0.8888888888888888,0.8773466833541927,0.8761904761904762,0.8714596949891068,0.8608608608608609,0.8787878787878788,0.8799454297407913,0.892,0.8974358974358975,0.8898009763005957,0.897917517354022,0.8888536043188314,0.8884673646617421,0.9,0.8978963571062083,0.9011264080100125,0.8934129337858923,0.9090909090909091,0.9221631759924976,0.9307130825379001,0.9330450537955768,0.9347826086956522,0.9343731606827546,0.9336445481827276,0.9363636363636364,0.9338627241941553,0.9406270847231488,0.9380952380952381,0.9447943682845499,0.9486029665401863,0.9523809523809523,0.9548895719489983,0.9565217391304348,0.9566326530612245,0.9562394781144781,0.9526315789473684,0.9506790564689064,0.9471883306397665,0.944206008583691,0.9432662340979922,0.9437559580552908,0.9499749874937469,0.9569948186528497,0.96,0.9612903225806452,0.9579789894947474,0.9523091481565988,0.9499323410013532,0.9478260869565217,0.9444135630906059,0.9443826473859844,0.9428571428571428,0.9464285714285714,0.9565217391304348,0.96,0.9661538461538461,0.9660107334525939,0.9638136957915793,0.9603340292275574,0.9562638991845812,0.9534368070953437,0.9524199843871974,0.9510567296996663,0.9508196721311475,0.9557894736842105,0.9621621621621622,0.969,0.9734991887506761,0.9748314555902449,0.9729656663963233,0.9699769053117783,0.9666666666666667,0.9658502932045533,0.9644798327594688,0.9621993127147767,0.9633333333333334,0.9633269818761909,0.9721831975273953,0.9749839640795381,0.9777777777777777,0.9781410641868977,0.9755555555555555,0.9726027397260274,0.9709302325581395,0.967591784488276,0.9674728940783986,0.9669596847529555,0.9653579676674365,0.9714122355631789,0.9755004481625336,0.9818181818181818,0.9828387536161636,0.9824218210531294,0.9808510638297873,0.9765886287625418,0.9706704608943633
10,36,North Carolina,State,0.9064766191547887,0.9079365079365079,0.9190031152647975,0.9270795163063393,0.9317647058823529,0.9298245614035088,0.9255014326647565,0.9216867469879518,0.9118541033434651,0.9100676267152557,0.9056244041944709,0.8992805755395683,0.8947368421052632,0.8934888004326669,0.9006433166547534,0.9178016762765728,0.9185441941074524,0.9253731343283582,0.9181836367273455,0.915,0.9100537458436718,0.9058823529411765,0.9034334763948498,0.9024390243902439,0.9050350541746335,0.9047237790232185,0.9152325712354995,0.9246901811248809,0.9361702127659575,0.9375,0.9351892127011744,0.932519498134961,0.92949108913368494,0.928622451783065,0.9261576971214017,0.9265108443882922,0.927707210674878,0.93,0.9388888888888889,0.9454949944382648,0.9504752376188094,0.9545584452700772,0.9521158129175946,0.9523809523809523,0.9482758620689655,0.9443608667770553,0.9441233140655106,0.9375,0.9375,0.9385230993088396,0.9457364341085271,0.9518716577540107,0.9587123862841148,0.9598393574297188,0.9565217391304348,0.9556810783135096,0.9495135055084643,0.9461538461538461,0.9460154241645244,0.944549394377153,0.9424842919284678,0.9411764705882353,0.9538461538461539,0.9579231974861331,0.9644444444444444,0.9643498332905873,0.962800875273523,0.9613899613899614,0.958139534883721,0.9546998867497168,0.9545454545454546,0.9523809523809523,0.9516999745902356,0.9559804357492219,0.9624494497059723,0.9688311688311688,0.9733036707452726,0.9735849056603774,0.972972972972973,0.9699851374585611,0.9674165824064711,0.9654057288550095,0.9623630300142926,0.9636650868878357,0.9626506024096385,0.9644444444444444,0.9731696225557072,0.9781420765027322,0.9793634137810423,0.9799879678524246,0.9793388429752066,0.9776536312849162,0.9736842105263158,0.970970970970971,0.9693877551020408,0.967741935483871,0.9658838509511705,0.9699769053117783,0.9787234042553191,0.9810050492906949,0.9833333333333333,0.9826589595375722,0.9808594415971543,0.9767441860465116,0.9746712068497545
11,40,New Jersey,State,0.9031179199482144,0.9,0.9016133229247983,0.9122432648706321,0.9152479193585903,0.9279475982532751,0.9230769230769231,0.92,0.9143686502177069,0.9055372932759638,0.90524391861817,0.9003676501863772,0.8928188638799571,0.8902250535841867,0.8867924528301887,0.8943816629579533,0.9004287756074321,0.9124718673438134,0.9196891191709845,0.9131206420023289,0.9000060000400003,0.8970916177650898,0.8861674008810573,0.8867667121418826,0.8772582012652449,0.8857142857142857,0.8881330910742675,0.9,0.9090909090909091,0.9180327868852459,0.9288824383164006,0.9254138398914518,0.92,0.918854415274463,0.9190751445086706,0.9166666666666666,0.9170396690032783,0.9181894065867355,0.9142857142857143,0.9257215820995348,0.9381733824281717,0.9469987995198079,0.9506337558372249,0.95,0.9473704155166642,0.9423630661057103,0.9396786905122765,0.9346033049172816,0.9340659340659341,0.9331103678929766,0.9333333333333333,0.9357635030006668,0.9472981987991995,0.9559804357492219,0.9574468085106383,0.9538461538461539,0.9451219512195121,0.9387755102040817,0.9345229422388197,0.9333333333333333,0.9292351679771265,0.9312320916905444,0.9345794392523364,0.9411764705882353,0.9489973320183491,0.9532710280373832,0.9592224047525973,0.9558878036017966,0.9491764862711771,0.9437751004016064,0.9419354838709677,0.9368793562186831,0.9354838709677419,0.9339622641509434,0.9375,0.9450830140485313,0.9538479881727355,0.9583333333333334,0.9622641509433962,0.9592019931850657,0.9545454545454546,0.9506790564689064,0.9492429378531073,0.9452054794520548,0.9446915912792819,0.9416922912599984,0.9476170195031344,0.9552435192458759,0.962059620596206,0.9656652360515021,0.9682911257714407,0.9662921348314607,0.9620253164556962,0.9595753368721928,0.9555555555555556,0.9552238805970149,0.9519038076152304,0.9478672985781991,0.9541984732824428,0.9587328053355565,0.9660516605166052,0.9704515360086077,0.9712230215827338,0.9686478275039161,0.9635811836115327
12,56,Virginia,State,0.9435883080912252,0.9406270847231488,0.9433734939759036,0.9454545454545454,0.9523582658408766,0.9520634920634921,0.9491139240506329,0.9476177941563569,0.9451312990847571,0.9407576913297737,0.9341100843712334,0.9361661382641445,0.926181258199255,0.9260504201680673,0.9318480613509696,0.9424131131282374,0.9476504516372218,0.9523582658408766,0.9502375593898474,0.9461434891325254,0.940282131661442,0.933955970647098,0.9415429476581654,0.9335259659107582,0.9296305012944223,0.9334370485609512,0.9440450140668959,0.9569377990430622,0.9637324053718965,0.9660606060606061,0.9642857142857143,0.9603658536585366,0.95929203539823,0.9564521460758216,0.9593794651969789,0.9523809523809523,0.9551209064598809,0.9539929219879981,0.9642729500663739,0.9719678828003944,0.9776207302709069,0.9795862446910536,0.97581317764804,0.9730532681295767,0.9693815064298836,0.9672131147540983,0.9601920384076815,0.9579955784819455,0.952,0.9586491878027928,0.966933867735471,0.9727626459143969,0.9769141943506839,0.9767441860465116,0.9698996655518395,0.9653407769248662,0.9615236629472874,0.9583333333333334,0.9551111111111111,0.9506006006006006,0.9487341772151898,0.9543333333333334,0.9649122807017544,0.9734991887506761,0.977777728394952,0.9774948852011821,0.9732865166611901,0.9683794466403162,0.9646539027982327,0.9611575063119052,0.9573138060367923,0.9564759564759565,0.9552238805970149,0.9570487198121647,0.9669511258341734,0.9774193548387097,0.9803564932702801,0.9801960392078416,0.9770613399953572,0.9741969457609269,0.9717884130982368,0.9705419710383376,0.9661286656058196,0.9637931034482758,0.9638118214716526,0.9683666881859264,0.9765432098765432,0.984,0.9848484848484849,0.9852941176470589,0.9819967266775778,0.9772883688919477,0.975609756097561,0.972387771676718,0.9696969696969697,0.967741935483871,0.9672131147540983,0.9721048182586645,0.9814849970365878,0.9879903923138511,0.9899497487437185,0.99000099000099,0.9864926392472302,0.9812933276216793,0.9779513044887376
13,59,Washington,State,0.9140158355327129,0.9101090909090909,0.9286287089013633,0.9354677338669335,0.9403761504601841,0.9354838709677419,0.9343629343629344,0.9334992906070516,0.9234042553191489,0.921031845015382,0.9162790697674419,0.9064155385520895,0.8943396226415095,0.9058526315789474,0.9121437740693197,0.9199013171433241,0.9322274881516588,0.9372726122707147,0.9375,0.9290187891440501,0.9278999101708052,0.9230176603057959,0.9243699639238729,0.92,0.9204463700854775,0.9234828496042217,0.9333333333333333,0.9454545454545454,0.9591083652054526,0.9636514806378133,0.9666666666666667,0.9648050006794402,0.9622641509433962,0.9591836734693877,0.9574581939799331,0.9535725627183232,0.9549660953452568,0.9613967980295566,0.9709368932038835,0.9802816901408451,0.9860664523043944,0.987172909184197,0.9873815778998487,0.9808776321584082,0.9769734492201453,0.9725158562367865,0.9659556858349858,0.9618987341772152,0.958929666734819,0.962847657383163,0.972,0.9810214493615628,0.9831116143032361,0.9848484848484849,0.9819184601910891,0.9777799506221125,0.973170731707317,0.9682539682539683,0.9642857142857143,0.9609902475618904,0.9603090909090909,0.9737662337662337,0.984188447886415,0.994,0.9984380211228461,0.9985947154685995,0.9959919839679359,0.9894097853427848,0.987037037037037,0.9852941176470589,0.9818181818181818,0.9789473684210527,0.980876,0.991272889376586,1,1,1,1,1,1,0.9992973243310828,0.9966654316413487,0.9907183500820566,0.9876234529316165,0.9849906191369606,0.999093402161639,1,1,1.0033444816053512,1.0002857959416975,1,1,1,0.9990758151630326,0.9904898550724638,0.992656875834446,0.9938837920489296,1,1,1.0031397379912663,1.0026764816912042,1.0001923446816696,1,1,0.9927493457368433
14,26,Massachusetts,State,0.9145006453592726,0.9085714285714286,0.9170854271356784,0.9292351679771265,0.9326424870466321,0.9414533686378347,0.9349858664927158,0.9340425531914893,0.9247098492844028,0.9172481974679777,0.919333224035312,0.9123013537374927,0.9111111111111111,0.9066147859922179,0.906875,0.9233744945241881,0.9390519187358917,0.9467166845301893,0.943126607602172,0.9331210191082803,0.9256494475962974,0.9206493510687046,0.9194159004867496,0.9128365367757376,0.9111617312072893,0.908284023668639,0.9139784946236559,0.9338604457476503,0.9466666666666667,0.9524802000833681,0.9523302263648469,0.9471050750536097,0.9414310569812963,0.9393237079258061,0.9399879951980792,0.9368421052631579,0.9337779895188185,0.9308141150319533,0.9388646288209607,0.9557679484329851,0.9644246803779878,0.9711880867594691,0.9703881552621049,0.9670487106017192,0.9615384615384616,0.9555555555555556,0.9566338855221475,0.9518143247098402,0.9464125416773532,0.9447943682845499,0.9583341319457754,0.9649749821300929,0.9731273593894538,0.9765115267507612,0.9753047827446076,0.9688385269121813,0.9615384615384616,0.9573151395152799,0.9555000952274393,0.9492292258563519,0.9468892261001517,0.9463414634146341,0.9566037735849057,0.9666666666666667,0.9761904761904762,0.9829714772243507,0.9819468162966577,0.9761904761904762,0.9674418604651163,0.9644670050761421,0.9619084263178146,0.9565217391304348,0.9531772575250836,0.95,0.962786830448058,0.9737330856991244,0.9838709677419355,0.9866220735785953,0.9876106194690265,0.9819639278557114,0.9771468144044322,0.975609756097561,0.972972972972973,0.967966573816156,0.9636363636363636,0.9640564234394569,0.9748713654593666,0.9831932773109243,0.9904153354632588,1,0.9943001899936669,0.9878982464806125,0.981999927999712,0.9803921568627451,0.9786432160804021,0.9727626459143969,0.9677367308913385,0.9684439608269858,0.9790314475943218,0.9919678714859438,1,1,1,0.9889689660244153,0.9809523809523809
15,22,Indiana,State,0.960929203539823,0.9620487804878048,0.9778124188100805,0.9810909090909091,0.9821080003369745,0.9881866064710308,0.9606986899563319,0.965604311008468,0.9522422422422422,0.9554140127388535,0.9485793690005646,0.9486157407407407,0.9430477167778348,0.9363776295536173,0.9511473283518962,0.9495714890916062,0.9591803889144854,0.9518061493662213,0.960443686006826,0.961735867933967,0.95739726027397265,0.9506337558372249,0.9447943682845499,0.9508003722661703,0.933021052631579,0.9489872818692695,0.9515739130434783,0.9651979695431472,0.9644729218969845,0.9702948717948718,0.9684824157429348,0.9627806951737935,0.9610722849671469,0.9627509862375492,0.9653692234397332,0.9545454545454546,0.9501595929995175,0.9459459459459459,0.9573542210617929,0.9666236281471917,0.9705882352941176,0.9724832214765101,0.9722222222222222,0.9683522095283195,0.9601587301587302,0.9582006310774114,0.9510990338164251,0.9542816297355253,0.9428571428571428,0.9453376205787781,0.9551724137931035,0.9593878752207181,0.9671272034302049,0.9672727272727273,0.9647058823529412,0.9641630599957682,0.9636650868878357,0.9589605143589808,0.9619719719719719,0.9566929133858267,0.95,0.9494949494949495,0.9568480300187617,0.967741935483871,0.9730848861283644,0.975975975975976,0.9754959727763042,0.9687129836799158,0.9652201761409127,0.9620318111852232,0.9586666666666667,0.9594121212121212,0.9551440996227446,0.9535135135135135,0.963030303030303,0.9713154562108861,0.9766233766233766,0.980653769179453,0.9808362779740871,0.9772989611388996,0.973608217899983,0.9679173463839043,0.9673115410273516,0.9616634178037686,0.9613333333333334,0.9605263157894737,0.9712230215827338,0.9777171441564347,0.9833993682255431,0.9864188706218727,0.9837864426732474,0.9814814814814815,0.9775733179988499,0.9729166666666667,0.9718814529458026,0.9704439798744593,0.967741935483871,0.9738461538461538,0.9785143710339679,0.9916699722332408,0.994991652754591,1,0.9988071374105245,0.9899888765294772,0.9945945945945946
16,8,Arizona,State,0.9228971962616822,0.9188438021122846,0.92,0.9218436873747495,0.9272727272727272,0.9288368105172906,0.9272727272727272,0.9227486565953564,0.9167265725288832,0.91005291005291,0.9109577758114948,0.9014554774389241,0.9063583815028902,0.8962663254339788,0.9,0.9110864060280403,0.922312470475425,0.9312169312169312,0.9454949944382648,0.944206008583691,0.9454545454545454,0.9492753623188406,0.9489795918367347,0.9454807692307692,0.9459459459459459,0.9463717015468608,0.954206106870229,0.9587328053355565,0.9663865546218487,0.9713467048710601,0.9735220811478248,0.9717062017719348,0.9720659846342353,0.9694220395581814,0.968054211035818,0.9623797025371829,0.9593023255813954,0.9594017094017094,0.9635614251390996,0.9658119658119658,0.9672544080604534,0.9689922480620154,0.9711595055915244,0.9711595055915244,0.967741935483871,0.9621848739495799,0.958904109589041,0.9565217391304348,0.9538950715421304,0.9538769847387082,0.9542857142857143,0.9523809523809523,0.9552692246379477,0.9560924915562484,0.9531772575250836,0.953125,0.955190932054085,0.95250616508817,0.9539929219879981,0.9548387096774194,0.9530201342281879,0.9578947368421052,0.9615384615384616,0.9637046307884856,0.9666885768665247,0.9666666666666667,0.967072280908871,0.9679572763684913,0.9666666666666667,0.9660107334525939,0.9645142773063737,0.9654739946044294,0.9629814907453726,0.9636363636363636,0.9684684684684685,0.9699201964395334,0.9704221543551568,0.971049457177322,0.9711595055915244,0.9714285714285714,0.9700610016586115,0.9701492537313433,0.9699881163672914,0.9688775510204082,0.9683770215639516,0.9702127659574468,0.9732360097323601,0.9749550471080575,0.9754877438719359,0.9761916383247624,0.9763313609467456,0.974910394265233,0.9735294117647059,0.9743366681165724,0.9726725335803613,0.9714285714285714,0.971875,0.9740840035746202,0.9769911504424779,0.9791666666666666,0.9798994974874372,0.9803921568627451,0.9794693805517972,0.9777777777777777,0.9767441860465116
17,53,Tennessee,State,0.8973343890208498,0.9018036072144289,0.9135135135135135,0.9235294117647059,0.9251870824849069,0.9285203716940672,0.9219054458971807,0.9171762090050027,0.9127948534667619,0.9095043201455207,0.9027777777777778,0.9,0.8922505004289392,0.9078861834977476,0.9022851361436153,0.9130672498633133,0.916923076923077,0.9180327868852459,0.916696980720262,0.9170487703209671,0.9126637554585153,0.9113300492610837,0.9090909090909091,0.9090909090909091,0.9004502251125562,0.9,0.9153194765204004,0.9292351679771265,0.9363831308077198,0.9367088607594937,0.9385279553480125,0.9322419281491587,0.9334111240762349,0.928,0.9266123054114158,0.925,0.9276366435719784,0.9212121212121213,0.9355493443543428,0.9430331023864511,0.9487179487179487,0.9502794939688144,0.9512541789052069,0.948073701842546,0.9475239060703262,0.9433540958852398,0.9418837675350702,0.9386733416770964,0.9330555555555555,0.9397730832733584,0.9436619718309859,0.9500158335972266,0.9564038154167848,0.958958958958959,0.957680250783699,0.9513888888888888,0.9515859766277128,0.9484429925094794,0.9484536082474226,0.9448275862068966,0.9403553299492385,0.9454139178548627,0.9515570934256056,0.9537037037037037,0.9618747813920951,0.9629629629629629,0.9631019387116948,0.9611977478513624,0.9589513625388065,0.9583159649854106,0.9563318777292577,0.9515151515151515,0.9523012552301255,0.9544487015751384,0.9604142990529545,0.9666666666666667,0.9719839908519153,0.975,0.9736703528172722,0.9720181881776845,0.9688715953307393,0.9681093394077449,0.9673469387755103,0.9646137272143849,0.9626641641691476,0.96,0.9699921031850487,0.9727626459143969,0.9759394430927277,0.9772727272727273,0.9781790820165538,0.975162527087848,0.9715719063545151,0.9714285714285714,0.9705709240729841,0.9689262028605453,0.9649749821300929,0.966183574879227,0.9723577235772358,0.9782608695652174,0.9811838465793841,0.9814197236779418,0.98,0.9766699222330741,0.9717062017719348
18,32,Missouri,State,0.916819469911652,0.9075920084121977,0.9409623784231427,0.9451307692307692,0.9444444444444444,0.9435142398629452,0.9351464435146444,0.920229685899909,0.9215376513954713,0.9143953995157386,0.9078816431795155,0.8997120000000001,0.8835225641025641,0.9036144578313253,0.9056508839238697,0.9148402922199115,0.92,0.9307282608695652,0.9351399705751346,0.9259259259259259,0.9119496855345912,0.911689054015433,0.9154616240266963,0.9106818181818181,0.9075718381873619,0.9143657462985194,0.9198057680988817,0.9268035808320169,0.9462275948311797,0.9482051282051283,0.9449694274596998,0.9459459459459459,0.9375979931012857,0.9282934963868816,0.9388228205536112,0.9373354397051079,0.9318258823529412,0.9330041958041958,0.946875,0.9578207381370826,0.96,0.9663843782707262,0.9693327908868999,0.96,0.9551886792452831,0.9515151515151515,0.9439929982495623,0.945352525006099,0.9370503181029497,0.941213258286429,0.9539295392953929,0.9587628865979382,0.9688482423549586,0.9676016525331593,0.9633333333333334,0.9649629629629629,0.9585121602288984,0.9516994633273703,0.9524943445648292,0.9565217391304348,0.9534327323162275,0.9452523524379812,0.9646177777777778,0.973885630803563,0.9827809523809524,0.9848484848484849,0.9750148148148148,0.9727272727272728,0.9714285714285714,0.9689310163243813,0.9642601858470335,0.9644323483670295,0.9619073718827076,0.9598102117731515,0.9705882352941176,0.9827115559599636,0.9863231441048035,0.9897172236503856,0.9848438906959223,0.9812834224598931,0.9762202753441802,0.9714285714285714,0.9714285714285714,0.96875,0.9630450001296407,0.9711846318036286,0.9799803716831115,0.9880100055586437,0.9903961584633854,0.9946470588235294,0.9899959983993597,0.9852941176470589,0.9789747939283671,0.9774193548387097,0.9718272775144813,0.9693608779857973,0.9692307692307692,0.9727544885756471,0.9856171428571429,0.992080033347228,1,1,0.9966887158206743,0.9914893617021276,0.9881696412451777
19,27,Maryland,State,0.9193186749602198,0.9090909090909091,0.9169054441260746,0.9254627313656828,0.9315068493150684,0.9404388714733543,0.9316455696202531,0.933871024372785,0.9259259259259259,0.9257026088903819,0.9281437125748503,0.9183673469387755,0.9269251106281426,0.9158503479705828,0.9067357512953368,0.9107806691449815,0.9233610341643582,0.932511656395705,0.931375644149788,0.9377344336084021,0.928,0.9174311926605505,0.9174757281553398,0.9210484762355914,0.9175257731958762,0.918347295687778,0.9245122244653438,0.9322033898305084,0.9486510008703221,0.9515346069527091,0.9540907925109002,0.9489993544222078,0.9454545454545454,0.9470432067605212,0.9502375593898474,0.9494949494949495,0.947075208913649,0.947352073303308,0.9537037037037037,0.958904109589041,0.967741935483871,0.9722222222222222,0.971567366766681,0.9699909063352531,0.966542750929368,0.9626901592916391,0.9607843137254902,0.9541984732824428,0.9508928571428571,0.9519450800915332,0.9568480300187617,0.9607338094740467,0.967391304347826,0.9701492537313433,0.9693196976433971,0.9659268521412941,0.9599273340354775,0.9545454545454546,0.9526542324246772,0.9504752376188094,0.9477739253213849,0.9464285714285714,0.9520807061790668,0.9621711811923158,0.9688888888888889,0.9739130434782609,0.9714285714285714,0.9673115410273516,0.9602619700858483,0.9569377990430622,0.9571428571428572,0.9542857142857143,0.9504073222749281,0.950920245398773,0.9566666666666667,0.9653844822480087,0.9741747165484722,0.9777777777777777,0.9777703676257883,0.9736772834956567,0.9687872471528869,0.9662337662337662,0.9647058823529412,0.9621241939203105,0.9574164046870535,0.9608972415883601,0.9659951414689911,0.9742895805142084,0.9806243272335845,0.9819967266775778,0.9795368419453436,0.9769441187964049,0.9729638554216867,0.9703703703703703,0.9705263157894737,0.9669889963321107,0.9635036496350365,0.9666611092586418,0.9724137931034482,0.9791579824927052,0.9839809257036147,0.9875,0.9847198641765704,0.9795834192617034,0.9758620689655172
20,60,Wisconsin,State,0.9077912794853467,0.9071949947862357,0.914236133222951,0.9211822660098522,0.9250687202463945,0.9345300950369588,0.9286998202516477,0.9222222222222223,0.9092286918901045,0.9021323127392018,0.9003601440576231,0.9072409250205309,0.8849557522123894,0.89171974522293,0.8945969884853853,0.9061019067202198,0.9149026388993309,0.9212950776520137,0.9179421140039602,0.9157894736842105,0.9022270106260686,0.906485722066896,0.8954100827689992,0.8965160400137978,0.8857142857142857,0.8906666666666667,0.9004739336492891,0.9123847167325428,0.9243243243243243,0.9338993329290479,0.9329367225527312,0.9299877171433585,0.9245283018867925,0.9191919191919192,0.9210526315789473,0.9214567792891619,0.9148936170212766,0.91338697984631,0.9206137424949966,0.9322033898305084,0.94752,0.9521226435624316,0.9551515151515152,0.9520891364902507,0.9444135630906059,0.9399684044233807,0.9362257174716826,0.9259259259259259,0.9238774419204948,0.9148618371919343,0.9325325152960862,0.9415766306522609,0.9503167722574192,0.958347871598046,0.958518752925509,0.9518658734451054,0.947136563876652,0.9413979759943516,0.9373340732852364,0.9311639549436797,0.9324265028521281,0.9297567629006592,0.9396786905122765,0.9537188828571854,0.9621212121212122,0.9636767976278725,0.9615088529638183,0.9586776859504132,0.9522352990870593,0.949748743718593,0.9470376301040833,0.9416666666666667,0.9433748584371461,0.939963614311704,0.9499685324226945,0.9621842832262062,0.9704090513489991,0.9752038302780248,0.9748224661071659,0.9711538461538461,0.9646539027982327,0.9609375,0.9589326708800079,0.9523809523809523,0.9480222294867604,0.9470588235294117,0.9607686148919136,0.9732112580535774,0.9799945931332793,0.9856349274042444,0.9830361026533275,0.9782125389061805,0.9727626459143969,0.9687609687609687,0.9636650868878357,0.9603841536614646,0.9533799533799534,0.9612817089452603,0.9734931495391204,0.9823529411764705,0.9896391568417292,0.9947027663331371,0.994,0.9846153846153847,0.9809160305343512
21,31,Minnesota,State,0.9174311926605505,0.9197380893220324,0.9197860962566845,0.9220872051465332,0.9265060741335664,0.9333333333333333,0.9264489555751692,0.9142857142857143,0.9064748201438849,0.9123013537374927,0.9,0.9069528969541634,0.8908973531310523,0.8779093507554103,0.8872293819420256,0.8957111243809055,0.9093959731543624,0.922307239552678,0.922775974025974,0.9261576971214017,0.9167169280257338,0.9154577288644322,0.9135522838807097,0.9049773755656109,0.9074757281553398,0.9009009009009009,0.9118174626306366,0.9201226830244033,0.9405563506830145,0.9482758620689655,0.9540278333555645,0.9514925373134329,0.9478672985781991,0.9492047203694202,0.95,0.9494143484626647,0.9398242055442867,0.9390575904845777,0.9481097108969607,0.950920245398773,0.9528534145280557,0.96239285878738845,0.9652736904061212,0.9692307692307692,0.9683873549419768,0.9620689655172414,0.9571608492263404,0.9489302967563837,0.945479641131815,0.9453551912568307,0.9512420280685663,0.9649122807017544,0.9725453699395068,0.9749545774979047,0.9724573011232497,0.9666666666666667,0.9629355077835434,0.9625,0.9560867148415787,0.9523658304223563,0.9468822170900693,0.9565028273162245,0.9666388657214345,0.973592958122166,0.9789702683103698,0.9818181818181818,0.9791579824927052,0.9741969457609269,0.9702261513388182,0.9653561697158427,0.9616130283055447,0.9563825530212084,0.9601619733587972,0.9612817089452603,0.9711595055915244,0.9814073899741116,0.9882283696291937,0.9918287937743191,0.9923969587835134,0.985,0.9794628751974723,0.9749874937468734,0.9724937236986262,0.966183574879227,0.9622222222222222,0.9627409836065574,0.9811465948441709,0.9919954259576901,1,1,1,0.9894736842105263,0.9842767295597484,0.9807923169267707,0.9754028837998303,0.9717153284671532,0.969254584424863,0.9746268656716418,0.9926410442762885,1,1,1,1,1,0.9899693126365978
22,10,Colorado,State,0.9368191721132898,0.933288859239493,0.9442448593478707,0.9491525423728814,0.9508188658830473,0.9491525423728814,0.9432432432432433,0.9401709401709402,0.9308890977443609,0.9299031994972792,0.9237804173947852,0.9197368421052632,0.919732441471572,0.9226804123711341,0.9236111111111112,0.937799043062201,0.9392814113597245,0.9415692821368948,0.94540642739453,0.9428571428571428,0.9421487603305785,0.935933147632312,0.9361702127659575,0.9380863039399625,0.9383974358974358,0.94,0.9519047619047619,0.96,0.9683908045977011,0.9723572718433116,0.9728539476526722,0.97,0.967741935483871,0.9662635967091823,0.964824120603015,0.96239220539415,0.9626485568760611,0.9651494922831618,0.9747562257886,0.9791400595998297,0.9855839952927331,0.9862068965517241,0.9866666666666667,0.9818543963078072,0.9790359277319517,0.9719438877755511,0.9689655172413794,0.9666666666666667,0.9666666666666667,0.9711353083513178,0.9781738814114224,0.9845856845856846,0.9894736842105263,0.9914523021781086,0.9897435897435898,0.984992496248124,0.980773002987597,0.9777365491651205,0.9766871165644172,0.9755813953488373,0.9784735812133072,0.9813084112149533,0.993103448275862,1,1,1,1,0.9968838526912182,0.9887640449438202,0.9846153846153847,0.9818181818181818,0.9785714285714285,0.9792899408284024,0.982367758186398,0.9945322856071213,1,1,1,1,0.9930795847750865,0.9891086908201823,0.9855072463768116,0.9814814814814815,0.9813084112149533,0.981100611450806,0.9878419452887538,0.9975459199036435,1,1,1,1,0.9929089646585576,0.9877469367341836,0.9846153846153847,0.9833263856722599,0.9820627802690582,0.9860212552423616,0.9953667262969589,1,1,1,1,1,0.9897610921501706,0.9840909090909091
23,4,Alabama,State,0.8781134020618556,0.8978409689310163,0.9100483508066446,0.906315734463235,0.912723373838456,0.9179589794897449,0.9020618556701031,0.9142857142857143,0.9005297233666862,0.8928635204537175,0.8948685857321652,0.8840700583819849,0.8751777704846296,0.858892036747722,0.899909008189263,0.9078771695594126,0.9072416598860863,0.9172539213457604,0.9275766016713092,0.9117700692357014,0.9,0.898989898989899,0.9067441110035496,0.8958755916159568,0.9031890660592256,0.9087666837904311,0.9027566669038272,0.9110057925223802,0.9281437125748503,0.9255439025139837,0.9332443257676902,0.9275929549902152,0.9171762090050027,0.9156715314867718,0.9151537606520934,0.9148936170212766,0.91668920137011,0.9112426035502958,0.9237961898094905,0.9304614391739271,0.9355316783994072,0.9361702127659575,0.9466666666666667,0.9418236372728788,0.9342560553633218,0.9404702351175588,0.9295607868644669,0.9241139378125679,0.9290984583055031,0.923313670171839,0.9292351679771265,0.9392973857257967,0.9443402126328956,0.9452845528455285,0.9420289855072463,0.9414758269720102,0.9406270847231488,0.9359251259899208,0.9366021245089717,0.9329918457047434,0.937046619366716,0.9353395689304596,0.9391304347826087,0.9476162448499117,0.9511218844305354,0.9528513122448578,0.9505591524426134,0.9477009477009477,0.9442379182156134,0.9385448244841252,0.9380863039399625,0.940924249642687,0.9364877738964751,0.9418604651162791,0.947264980813729,0.9516837481698389,0.9601102742949013,0.9591836734693877,0.9592326139088729,0.9574052364204767,0.9539693128752502,0.9528346831824679,0.9509090909090909,0.9478672985781991,0.951209756097561,0.9459250675936655,0.9553903345724907,0.9610321221695629,0.9607843137254902,0.9646302250803859,0.9663483401546157,0.9637196265622835,0.9606069518269049,0.9566425792106726,0.9566563467492261,0.9546268656716418,0.9579100145137881,0.9599749843652282,0.9642601858470335,0.9693877551020408,0.9732360097323601,0.9727203821948642,0.9702592543177286,0.9684439608269858,0.9636363636363636
24,51,South Carolina,State,0.8981132075471698,0.8964927318433176,0.9011494252873563,0.9137055837563451,0.9245490800326294,0.9219858156028369,0.912,0.9146753182977414,0.9106546854942233,0.9054086766089077,0.9,0.8938930735101192,0.8833333333333333,0.8930987821380244,0.89086859688196,0.8898627297747272,0.8974358974358975,0.9032258064516129,0.9061224489795918,0.9044444444444445,0.8893829905503057,0.8955223880597015,0.8937731537336948,0.8976190476190476,0.8994797521256666,0.8888461374032748,0.8950578375707212,0.9073842302878599,0.92,0.9174311926605505,0.9244917715392061,0.9253855773238849,0.9193982102908278,0.9207365892714171,0.9170638703527169,0.9139009139009139,0.918979744936234,0.9208946104251823,0.9255784865540964,0.9285714285714286,0.9370629370629371,0.9400013428609796,0.9430331023864511,0.943268888699339,0.938255033557047,0.9382026972341839,0.9379310344827586,0.9333333333333333,0.934031914893617,0.9327509404750587,0.9351351351351351,0.9387745650316444,0.9451119289299401,0.9483793517406963,0.9448643841707426,0.9449617779500334,0.944233206590621,0.9430331023864511,0.9427374301675978,0.9346590909090909,0.9285714285714286,0.9362642474994185,0.9444238606891441,0.9532312586995426,0.9583736689254598,0.9584295612009238,0.9566115702479339,0.9548702455914051,0.9549795361527967,0.9507154213036566,0.9522722082667275,0.9491890105215135,0.9479739869934968,0.9510146955913226,0.9568067211743128,0.9636363636363636,0.9649749821300929,0.9658813747228381,0.9652351738241309,0.9649122807017544,0.9632721202003339,0.96,0.9599170975576448,0.9574164046870535,0.9551801287622749,0.9577777777777777,0.9633197480548351,0.9666666666666667,0.9677150063051703,0.9687304565353346,0.9682539682539683,0.9670079635949943,0.9653465346534653,0.9629492353732532,0.9603374645106425,0.9594075414289749,0.958904109589041,0.9618453548346739,0.9666503669432223,0.9687244085532303,0.9706666666666667,0.9724499836011807,0.9716809560924916,0.9701492537313433,0.9660574412532638
25,25,Louisiana,State,0.9195402298850575,0.9342342342342342,0.9243458475540387,0.9318181818181818,0.9367787998163952,0.9483282674772037,0.9379310344827586,0.9408602150537635,0.94,0.9412780656303973,0.9302325581395349,0.92880978865406,0.9303101033677893,0.9329608938547486,0.9226539799467977,0.927710843373494,0.9360108917631041,0.9303030303030303,0.9287429943955164,0.9336994899960769,0.9241379310344827,0.9227642276422764,0.9241509433962264,0.9268384294852985,0.9199723947550035,0.9250445680946464,0.9238095238095239,0.9365079365079365,0.9404702351175588,0.9455634474136584,0.9429419754239345,0.9435336976320583,0.9405882352941176,0.9372156505914467,0.9333333333333333,0.9381538339433494,0.9321523700080814,0.9411764705882353,0.9416019900497512,0.9482758620689655,0.9519650655021834,0.9524232992441085,0.952972972972973,0.9493670886075949,0.9439626417611742,0.9428571428571428,0.9425287356321839,0.94136632598171055,0.9385665529010239,0.9379310344827586,0.9459459459459459,0.9508928571428571,0.9523809523809523,0.9553571428571429,0.9574468085106383,0.9568345323741008,0.95,0.9523582658408766,0.9449748887923722,0.9494084859515414,0.9459459459459459,0.94972067039106145,0.9447852760736196,0.9543197788535542,0.96,0.9619565217391305,0.9612903225806452,0.9629629629629629,0.955360637654343,0.9583333333333334,0.9529558031296954,0.954253037884203,0.9487924094307073,0.952,0.9596139905762957,0.9620476610767873,0.9655172413793104,0.9672131147540983,0.9626825310978907,0.9606404269513009,0.958904109589041,0.9599164857050808,0.9555237965609547,0.9551282051282052,0.9521410579345088,0.9565217391304348,0.958904109589041,0.9666666666666667,0.9665271966527197,0.9688581314878892,0.9686153846153847,0.9629629629629629,0.9574052364204767,0.9547738693467337,0.9557894736842105,0.9477798031352533,0.948905109489051,0.9548387096774194,0.9575757575757575,0.9619377162629758,0.9606404269513009,0.9629629629629629,0.9628571428571429,0.9592751524336016,0.9523809523809523
26,24,Kentucky,State,0.9308394954327969,0.9199466310873916,0.925,0.9426411738550466,0.9441379310344827,0.936107983671621,0.927487352445194,0.9230769230769231,0.9170487703209671,0.9221357063403782,0.9153846153846154,0.9125315391084945,0.9219330855018587,0.9183673469387755,0.9207365892714171,0.9292929292929293,0.9327846364883402,0.9376854599406528,0.932,0.9263599605857769,0.9210526315789473,0.9110589170614976,0.9217439910564561,0.9160892994611239,0.9130434782608695,0.9090909090909091,0.9125,0.9349749903809157,0.9385485346911002,0.943796394485684,0.9402985074626866,0.9346153846153846,0.941213258286429,0.9367894497498863,0.9302325581395349,0.9292351679771265,0.9281045751633987,0.9254627313656828,0.9356223175965666,0.9458533241946538,0.9460278956943602,0.9508364831552999,0.9489302967563837,0.9456066945606695,0.945,0.9376953939141308,0.9339590370718776,0.9276437847866419,0.9253470067346334,0.933955970647098,0.9310344827586207,0.9427414690572585,0.9521856458046998,0.9542562065199631,0.9551656920077972,0.9483322432962721,0.9458577951728636,0.9415457041977247,0.942443205183312,0.9333333333333333,0.9333333333333333,0.9375,0.9519650655021834,0.9514571691306501,0.9583333333333334,0.9646302250803859,0.9612875163114397,0.9557739557739557,0.9552542372881356,0.9483040526826187,0.9486029665401863,0.9464601298619377,0.9478672985781991,0.9422963667663314,0.9569230769230769,0.9630872483221476,0.9698275862068966,0.9712230215827338,0.9697986577181208,0.9676016525331593,0.9643527204502814,0.9614010007147963,0.9629629629629629,0.9574468085106383,0.9558823529411765,0.9545454545454546,0.963855421686747,0.9696304427369191,0.9739405106607002,0.9752438109527382,0.974802748791041,0.9714204058302373,0.9702850212249848,0.9640287769784173,0.9652736904061212,0.9600645421540944,0.9604651162790697,0.9616737430960463,0.96875,0.9731543624161074,0.9766277128547579,0.978865406006674,0.976349302607641,0.9720749381406858,0.9707112970711297
27,46,Oregon,State,0.8994974874371859,0.8955206687730385,0.9090633525310701,0.9201520480089553,0.923062124485749,0.9155555555555556,0.9296482412060302,0.9215384615384615,0.9102677258017063,0.9026407496321536,0.9018036072144289,0.8997429305912596,0.8941504178272981,0.8875739644970414,0.8947368421052632,0.9054404692702003,0.9213483146067416,0.9249106924587371,0.9305869501778518,0.9267563527653214,0.9231468849477035,0.9205722553596666,0.9207547169811321,0.9183783783783783,0.924416450537236,0.9254901960784314,0.9299442033477991,0.9465408805031447,0.954836754050592,0.9579579579579579,0.9633333333333334,0.96,0.9569377990430622,0.9562262849258365,0.9545454545454546,0.9471928849360756,0.9503563852950289,0.9515645865665716,0.9649749821300929,0.9726027397260274,0.98,0.9828448892065761,0.9821753364859949,0.9760348583877996,0.9720930232558139,0.9666444296197465,0.963855421686747,0.9612403100775194,0.9594598238979845,0.961380443714051,0.9686587249983061,0.9789316875931049,0.9808612440191388,0.9814004376367614,0.9790732436472347,0.974937343358396,0.9703881552621049,0.9661687105165366,0.9617396007122485,0.959758551307847,0.96,0.9690528290090653,0.9791579824927052,0.9866592551417455,0.9906152241918665,0.9925460965084347,0.9917935189980489,0.9891891891891892,0.9867531765341985,0.9812001570807153,0.9781659388646288,0.9790697674418605,0.9782125389061805,0.9821463648084457,0.9929964982491246,1,1,1,1,0.9979995554567682,0.9915611814345991,0.9854166666666667,0.9818181818181818,0.9784462849726374,0.9790813599909131,0.9812792056074766,0.9926401207775052,1,1,1,1,0.9922779922779923,0.9849749582637729,0.9811465948441709,0.9758742206560044,0.9747523170341962,0.974025974025974,0.981520457647298,0.9939041919680836,1,1,1,0.9936507936507937,0.9863013698630136,0.9802760944332005
28,45,Oklahoma,State,0.9378292939936775,0.9401418502686129,0.9565857247976454,0.9558224390433077,0.9596018876570702,0.9533333333333334,0.943310262266311,0.941310854689103,0.9407845715538024,0.9410886087071124,0.9338781539912804,0.9314857582755967,0.9302325581395349,0.9275834011391375,0.9325842696629213,0.9403669724770642,0.9438317517312131,0.944854737985338,0.9454545454545454,0.9444444444444444,0.9391063661526295,0.9366259503523652,0.9298998569384835,0.9284116331096197,0.924025974025974,0.9359180732185086,0.9365028457395359,0.9455958549222798,0.951417004048583,0.9561128526645768,0.9504525964745116,0.9503239740820735,0.9487179487179487,0.9500237511875593,0.9459459459459459,0.9474303648489604,0.9464007266602821,0.939183987682833,0.9502262443438914,0.9603841536614646,0.9628865979381444,0.9635627530364372,0.9647058823529412,0.9632691013759445,0.9583333333333334,0.9562638991845812,0.9464285714285714,0.9532888465204957,0.9483667017913593,0.9515531723290378,0.958904109589041,0.962278675904542,0.967741935483871,0.9662921348314607,0.9674728940783986,0.9655172413793104,0.9643254852052179,0.9575486753909991,0.9567654123298639,0.9550902487718127,0.951310861423221,0.9535236461545767,0.9644364074743822,0.9663309937951379,0.9703703703703703,0.9727907849291986,0.970954356846473,0.9674357587010225,0.9636871508379888,0.962278675904542,0.9624008278716799,0.9587287287287287,0.9533924856505502,0.9539693128752502,0.9666666666666667,0.9673115410273516,0.9691252144082333,0.9729546991210277,0.9713114754098361,0.9674728940783986,0.9642857142857143,0.9601174194918807,0.9614510489510489,0.9574468085106383,0.95625,0.9574508827697139,0.9628933771723814,0.9665871121718377,0.9686222749672857,0.9693877551020408,0.967741935483871,0.9648257421343569,0.9634408602150538,0.9600054857456328,0.9565764631843927,0.95574198560443,0.9540636042402827,0.9541039954449897,0.961764705882353,0.966183574879227,0.9682539682539683,0.971900826446281,0.9695431472081218,0.96771880701661706,0.9636363636363636
29,11,Connecticut,State,0.898046875,0.9050467204104067,0.9136690647482014,0.9171770615577162,0.9233176838810642,0.9322419281491587,0.9234001131165138,0.9262689885142645,0.9064072602633013,0.9128803668195081,0.9136393732318626,0.8968609865470852,0.8909004287756074,0.9025209565148182,0.9016889030031194,0.9121292370416223,0.9205543540627621,0.9301013602956083,0.9304858554129833,0.9088310945984567,0.906801007556675,0.9058312889224382,0.8950603350242032,0.8961320502419616,0.8887811500449088,0.8880718848391402,0.899856938483548,0.90530647606671,0.9221876389506447,0.9288478746832405,0.9283713485394157,0.9273193166191824,0.916857678683059,0.9174311926605505,0.9122217591684644,0.910491848178862,0.9139426284189459,0.9054266631909176,0.9220985691573926,0.9288230870512773,0.940264196260079,0.9460635058721183,0.9458844929513415,0.9468822170900693,0.9420289855072463,0.9296852015298617,0.925,0.923432089265102,0.9170487703209671,0.9221631759924976,0.9215392832140803,0.9302325581395349,0.9410112359550562,0.9489145294133405,0.9464575446187128,0.9433191830319654,0.933955970647098,0.9264897781644194,0.9256198365579631,0.9145470134324093,0.9172834894482274,0.9145905798869364,0.9180323482548176,0.9321187803335285,0.9406270847231488,0.9498743710681923,0.9503959983326385,0.9455402419510609,0.9361702127659575,0.9313725490196079,0.9270158917010006,0.9151343449846215,0.9159589700996678,0.9170062986291219,0.9203681472589036,0.9321533923303835,0.9466739209285455,0.9531726508011094,0.9542911684435442,0.9485861182519281,0.93983341696196,0.9377344336084021,0.9346022449975598,0.9292035398230089,0.9294117647058824,0.9295441089402013,0.9351621739181548,0.9523809523809523,0.9557679484329851,0.9601980600201673,0.9631483166515014,0.9555316202492691,0.9511217948717948,0.9478027952908336,0.9417304296645085,0.9357857373346241,0.9355316783994072,0.9333333333333333,0.944457002496797,0.9562073121735637,0.9651352265241041,0.9696877813918445,0.967295414893638,0.960960960960961,0.9562012502361581
30,19,Iowa,State,0.9209961356805496,0.9249212947725418,0.9342555087235939,0.9436619718309859,0.9545804464973057,0.9566184649610678,0.9393939393939394,0.9424242424242424,0.9354677338669335,0.9353348729792148,0.929257054451283,0.9335164116647051,0.9230769230769231,0.9220872051465332,0.9187386294724075,0.9306204136090727,0.9377777777777778,0.9450193819125858,0.944755804643715,0.9394107837687604,0.9363636363636364,0.9366515837104072,0.9305339554173147,0.927487352445194,0.9138248121130321,0.917997694050489,0.9199191445041482,0.9393939393939394,0.9504752376188094,0.9554140127388535,0.9556213017751479,0.949438202247191,0.9487179487179487,0.9460635058721183,0.9433360991858772,0.9384615384615385,0.9397725480575464,0.9422850412249706,0.9423558897243107,0.9537101651546871,0.9578947368421052,0.9636363636363636,0.9656862745098039,0.961736646210742,0.9555555555555556,0.95,0.9494506430457372,0.9427753934191703,0.9394339931369898,0.9368421052631579,0.9444444444444444,0.9578270192994996,0.963076923076923,0.9679572763684913,0.9673141785263273,0.9644268774703557,0.9591326105087573,0.9576471802495701,0.9539121114683816,0.9467667023937121,0.9476190476190476,0.9536082474226805,0.9587813620071685,0.9665513222572866,0.9731543624161074,0.9730848861283644,0.9717868338557993,0.9664299548095545,0.9658421672555948,0.9586206896551724,0.9555555555555556,0.9545454545454546,0.9573542210617929,0.9573170731707317,0.9629629629629629,0.9696877813918445,0.9768115942028985,0.9782265698958662,0.9767857142857143,0.9748589020010262,0.9708211754897874,0.9682603455202893,0.9626825310978907,0.9587328053355565,0.9576050576422462,0.955276579050608,0.966542750929368,0.9727626459143969,0.9803773584905661,0.98,0.980439980870397,0.9776595744680852,0.9727626459143969,0.9717188252675928,0.9669421487603306,0.9586776859504132,0.9604802401200601,0.9631887985546521,0.967741935483871,0.9766211626302981,0.9812638932994602,0.9846153846153847,0.9797488861887403,0.9762933546856563,0.9728692792545903
31,34,Mississippi,State,1.0006166666666667,1,1.01234264276782,1.0018952324897,1.006300275943847,0.9975543175487466,0.9708053097345133,0.9901111111111112,0.9892192018507808,0.9665131619786307,0.9741067632850242,0.9554338188727043,0.9407782101167316,0.9406466512702079,0.9497110708049765,0.9806901097433036,0.9630828402366864,0.9565100087032202,0.9775026343519494,0.966183574879227,0.9878583017847485,0.974529262086514,0.9781253731343283,0.9500551378446115,1,0.9640366151382644,0.9927154401154401,0.9827157190635452,0.9909487330583382,0.9651162790697675,0.9879116298457691,0.9821647058823529,0.9790732436472347,0.9686771105308964,0.9834839143043144,0.9783165870210341,0.9718402777777778,0.9661472868217055,0.9661016949152542,0.96996996996997,0.9746,0.9767441860465116,0.9688127555515955,0.9694309760502934,0.9724781939456132,0.9586612672701287,0.9692234848484849,0.9606741573033708,0.9532888465204957,0.9486844747941354,0.9553384615384616,0.963986084449743,0.9684102647391943,0.9615384615384616,0.9731543624161074,0.974679682733374,0.96541786743515845,0.9614813969413376,0.960644,0.9634838307604345,0.96,0.9592822636300897,0.9565028273162245,0.9727272727272728,0.9777777777777777,0.9859154929577465,0.9804902451225613,0.9659393294305482,0.9583991574512901,0.9641941391941392,0.9616519174041298,0.963215671541209,0.9607618314736437,0.9554140127388535,0.9734513274336283,0.9630937204945125,0.9770114942528736,0.98,0.9828009828009828,0.9713419988262003,0.9680365296803652,0.9666666666666667,0.9714122355631789,0.9740898004321645,0.966671679197995,0.9616446469248292,0.9764089121887287,0.9756367711096736,0.9799554565701559,0.9862068965517241,0.9817351598173516,0.9784101139723825,0.9759086134758563,0.9736842105263158,0.9760217889908257,0.9778195488721804,0.9731343283582089,0.967741935483871,0.9818451278251205,0.9793103448275862,0.9852260869565217,0.9880408503543143,0.9861973775017253,0.9822222222222222,0.9931497080400148
32,6,Arkansas,State,0.9164345403899722,0.9231762427372499,0.9343715239154616,0.9366314619232907,0.9417304296645085,0.9428571428571428,0.9245673864078372,0.9414121181772659,0.9273356401384083,0.9170305676855895,0.9171762090050027,0.912621359223301,0.9041537866212033,0.9206137424949966,0.9281164695177434,0.9301587301587302,0.9347324260648733,0.9333333333333333,0.9255014326647565,0.9318181818181818,0.9196515004840271,0.9251471825063078,0.918918918918919,0.9273182957393483,0.9206349206349206,0.9207547169811321,0.9243697478991597,0.9423558897243107,0.9414282566959368,0.9454949944382648,0.9486029665401863,0.9422850412249706,0.938254570541566,0.9411764705882353,0.9426627793974732,0.9419680403700589,0.9351892127011744,0.9403508771929825,0.9501394466975325,0.9533954101589389,0.9547738693467337,0.9580193756727664,0.9550773876934693,0.9490445859872612,0.9511400651465798,0.9406830437387658,0.9419354838709677,0.9389671752735393,0.9278350515463918,0.9349890430971513,0.9424520433694745,0.9470975110717784,0.9510064080701199,0.9542018674966651,0.9503167722574192,0.9454545454545454,0.9479909549486867,0.9480705097665555,0.9448971926064257,0.9374804626445764,0.9369577790630422,0.9375,0.95,0.9555984555984556,0.9574468085106383,0.9563825530212084,0.9573048699132756,0.955928597854236,0.9538461538461539,0.9517977213749752,0.9499702203692674,0.9495321840076236,0.946969696969697,0.9519288306066587,0.9588660366870484,0.9629355077835434,0.9662650602409638,0.965034965034965,0.9666666666666667,0.9627406851712929,0.9636767976278725,0.9609756042614257,0.960960960960961,0.95,0.9578270192994996,0.9545454545454546,0.9605603335356805,0.9639869043288468,0.9696969696969697,0.9692307692307692,0.9682165979988229,0.9648275862068966,0.9615384615384616,0.9619084263178146,0.9605437680474421,0.9599771297884505,0.9573511197189868,0.9621271538918598,0.9610027855153204,0.967741935483871,0.9706703910614525,0.9726775956284153,0.9711595055915244,0.9673202614379085,0.9649749821300929
33,23,Kansas,State,0.95,0.9615015015015015,0.9975133157491705,0.9908306878306878,0.9889399555226094,0.9885630158068766,0.9636962025316456,0.9538461538461539,0.9459031141868512,0.9666666666666667,0.9398779747016366,0.9467084639498433,0.9402877192982456,0.9153254437869822,0.9295179035807162,0.9496155871511321,0.96,0.9593023255813954,0.9493198653198653,0.9603884807784119,0.9486166007905138,0.9464285714285714,0.9530480154440155,0.9372339090222725,0.9413969949307162,0.9433962264150944,0.9582844036697248,0.9667906141813053,0.9732142857142857,0.9684321259718576,0.9697483874524505,0.96243789701696,0.9545454545454546,0.9541694462975316,0.9558540540540541,0.9552734778121775,0.9593333333333334,0.9502375593898474,0.9678980480722698,0.9691662034463591,0.9772095608671484,0.9836065573770492,0.9782608695652174,0.9714285714285714,0.9614435067819924,0.9692307692307692,0.96,0.966777117849328,0.953307392996109,0.9599332220367279,0.9652173913043478,0.9763219271877617,0.9862176827322056,0.9815454545454545,0.9818330271483976,0.979381443298969,0.9684069881789925,0.9673512374934176,0.9614225437010248,0.9619238476953907,0.9562,0.9573542210617929,0.9803921568627451,0.9815789473684211,0.9873090703216103,0.9862821658747707,0.9805188261174056,0.9779588812743101,0.9817538461538462,0.974025974025974,0.9688750555802579,0.9705340699815838,0.967741935483871,0.9646302250803859,0.9728363866077069,0.9845738320314592,0.9955284552845528,0.9911764705882353,0.9844110714198926,0.9839364069952306,0.9786187050359713,0.9784365010171462,0.9755549166187464,0.9739583333333334,0.963302752293578,0.9716851211072665,0.9795041648714634,0.99,1,0.9955555555555555,0.9892029105885419,0.984188447886415,0.9817543859649123,0.98,0.9786276715410573,0.9746328437917223,0.9705910899821901,0.9737470167064439,0.9870164989148223,0.9980410351582637,1,1,0.9909180992554478,0.9874843554443054,0.999296
34,55,Utah,State,0.959731543624161,0.9556981132075472,0.9842792178262847,0.9924194460146976,0.9964736842105263,0.9814371772805508,0.9941176470588236,0.9912848139255703,0.9696922007465096,0.9792247191011236,0.9879027027027028,0.9646,0.9564972332015811,0.9801601067378252,0.975974273463554,0.9640419665133813,0.9734991887506761,0.9912739033113245,0.9856753450230016,0.9775714285714285,0.9868421052631579,0.9831111111111112,0.99265,0.9971383709447528,1.000744,1.0011567379988433,1.0157968865826539,1.006474820143885,1.0262466591017863,1,1.00375234521576,1.0243073170731707,1.020523187701803,1.0006764745674974,1.0121970149253732,1.0126228298918347,1.0156163265306122,1.0079157175398634,1.0163265306122449,1.020979020979021,1.0131534391534391,1.0139727120952913,1.0116512100218278,1.0133228717143978,1.0077345679012346,1.0052910052910053,1,0.9999682274247492,0.9876603958242715,0.9955623144912003,1.000397793228773,0.998679119412942,1,1,1,0.9983675618746709,1,0.9952532055460033,1,0.9959183673469387,0.9862886156648685,0.9899309868875086,1,1,1,1,0.9988309859154929,1,1,0.9919954259576901,1,0.9890707118967988,1,1,1,1,1,1,1,1,1,0.998601638712165,0.99633699633699635,0.9965870668209658,1,1,1,1.016224986479178,1.013408728432652,1.0120120240480963,1.016,1.0056940760389037,1.0063191153238547,1.0052724077328647,1,1,1,1.0068792995622264,1.0190879362092908,1.0204081632653061,1.0221835580687255,1.0232558139534884,1.0200062084116617,1.0212610722610722,1.0316478020531719
35,42,Nevada,State,0.9714285714285714,0.9557109557109557,0.9523582658408766,0.9560867148415787,0.9606986899563319,0.9578059071729957,0.96,0.9591194968553459,0.95,0.9474724087365902,0.9447368421052632,0.9299499284692418,0.9248655913978494,0.9232480533926585,0.933955970647098,0.9390715097436761,0.9345794392523364,0.9438202247191011,0.9448818897637795,0.948067925759667,0.9396736577181208,0.9417052362340734,0.9429657794676806,0.939954536896136,0.9439589029462396,0.946236559139785,0.9548313321898227,0.964824120603015,0.975987987987988,0.9811320754716981,0.984579762870756,0.9894179894179894,0.9882122017232389,0.9848484848484849,0.9875564152159897,0.9858467545143973,0.9881262150811043,1,1,1,1,1,1,1,0.989010989010989,0.9836612204068023,0.9746088740702744,0.9681978798586572,0.96875,0.9661016949152542,0.9692307692307692,0.9710144927536232,0.9761696022953694,0.976390556222489,0.9745222929936306,0.9727626459143969,0.9670079635949943,0.9636709422578541,0.965,0.9599332220367279,0.9615384615384616,0.9644012944983819,0.9707343844393204,0.9729132117191819,0.9738095238095238,0.9766006484628306,0.9767441860465116,0.9733333333333334,0.9724224353988419,0.9698825931597754,0.9670696123384743,0.9636871508379888,0.9661016949152542,0.9672727272727273,0.9727626459143969,0.9766555502620295,0.9768637532133676,0.9767441860465116,0.9764229578471064,0.9757575757575757,0.9736703528172722,0.9702873018874079,0.9711911996615255,0.9714285714285714,0.9707298999629492,0.974025974025974,0.9790342990342991,0.9824780976220275,0.9851205746536685,0.9866699555665186,0.9888749968427168,0.9877469367341836,0.9848484848484849,0.9833333333333333,0.9818451278251205,0.9821779349262474,0.9812108559498957,0.984251968503937,0.9909135950617958,0.9910714285714286,0.9926894959599846,0.9949409780775716,0.9926470588235294,0.9870967741935484,0.9823529411764705
36,41,New Mexico,State,0.9401328713303503,0.9924935014528589,0.9363977485928705,0.9595139385275196,0.9638095238095238,0.9632440157198999,0.941140158714818,0.9492929292929293,0.9345208681135225,0.9487813953488372,0.9058666666666666,0.9216308539944904,0.9393548387096774,0.9195402298850575,0.9287985074626866,0.9183225806451613,0.9274615384615384,0.9490695187165775,0.9287304207785166,0.9207365892714171,0.9245658536585366,0.9342773333333333,0.9357149877149877,0.919751216873986,0.924953095684803,0.9365426967505128,0.9260261363636364,0.940174438687392,0.975869927737632,0.9563758389261745,0.9414381022979985,0.9654183908045977,0.91949,0.9451859649122807,0.9426872925557136,0.9646516264163323,0.9483816091954023,0.9694161348699876,0.966540852235267,0.9641314334873557,0.968069840698407,0.9617850730956655,0.9610813397129186,0.9717868338557993,0.953624649859944,0.9529626168224299,0.9494734887737478,0.9670933333333334,0.9456854545454545,0.9398058252427185,0.9477806788511749,0.9615384615384616,0.9577150008939747,0.9601596812774502,0.9562841530054644,0.96,0.9555555555555556,0.9549795361527967,0.94972067039106145,0.9611217962216825,0.9528571428571428,0.9613539373895192,0.9643461538461539,0.9777777777777777,0.9714285714285714,0.9765678522571819,0.9767441860465116,0.98,0.973837814677349,0.9655172413793104,0.9721963241436926,0.9634175649186623,0.9642857142857143,0.9654800431499461,0.9785445056538127,0.9772237611572792,0.9830434750554773,0.9834834834834835,0.9844016736401674,0.9863537078812619,0.9761904761904762,0.975609756097561,0.9716699055663519,0.9670070862859524,0.9647058823529412,0.9725490196078431,0.9820151898734177,0.9918117088607595,0.9941185641671052,0.98681218735789,0.9870967741935484,0.9813142857142857,0.9812601508247956,0.9791806487695749,0.9787199698441951,0.9810985821145473,0.974885786345067,0.9710144927536232,0.987378947368421,0.9924602707474985,1,1,1,0.9969820788530466,1.0010733333333333
37,61,West Virginia,State,0.8743718592964824,0.8793969849246231,0.8958113958113958,0.9170305676855895,0.9259259259259259,0.9354838709677419,0.9030271934325295,0.9232096635030198,0.9194630872483222,0.9119496855345912,0.9130434782608695,0.9090909090909091,0.9018036072144289,0.9140839544919577,0.90625,0.9018036072144289,0.9275805469515261,0.9266123054114158,0.9207950734040798,0.9023041474654377,0.9128919860627178,0.9120822102425876,0.92,0.9005481597494127,0.9149392423159399,0.9210526315789473,0.9119170984455959,0.9264705882352942,0.923432089265102,0.9309309309309309,0.9506337558372249,0.9298998569384835,0.9302325581395349,0.9345794392523364,0.9322033898305084,0.9288135593220339,0.9163346613545816,0.9135802469135802,0.9218436873747495,0.9320300068197318,0.9415584415584416,0.9415765119033839,0.95,0.9465178914967295,0.9389430477167778,0.9349593495934959,0.9246171967020024,0.9244444444444444,0.922427206045788,0.9071713958319675,0.9203539823008849,0.9307538004205235,0.9464285714285714,0.9499874937468734,0.9554140127388535,0.9457411336768717,0.9408740359897172,0.9259259259259259,0.9308176100628931,0.9261576971214017,0.9245014245014245,0.9375,0.9259259259259259,0.9487497221193034,0.9429714857428715,0.9536686995680085,0.948082778933163,0.9482758620689655,0.9447943682845499,0.9318323952470294,0.9312070043777361,0.9267431597528685,0.9168577184938169,0.9348914858096828,0.9342560553633218,0.9428571428571428,0.9512578616352201,0.955501897205933,0.9535020600353149,0.9485804349188639,0.9428571428571428,0.9387755102040817,0.9363831308077198,0.9272727272727272,0.9309090909090909,0.938724425940589,0.935251798561151,0.9433962264150944,0.9489251775817489,0.9527529761904762,0.95,0.9455621301775148,0.9474937343358396,0.9439366570327553,0.9399571122230165,0.931428011657238,0.9364566326530612,0.9396491228070175,0.9426411738550466,0.9517045454545454,0.9569391915205805,0.9605603335356805,0.9561635775228008,0.9571428571428572,0.9482758620689655
38,38,Nebraska,State,0.9525880817746847,0.928548644338118,0.9488510007412898,0.9569377990430622,0.9615384615384616,0.9523809523809523,0.9518072289156626,0.9372814685314685,0.9415042149631191,0.9302325581395349,0.9324982602644398,0.9251770969692497,0.9378630366882663,0.9181969949916527,0.9264897781644194,0.9285714285714286,0.9431266846361186,0.9511577791503671,0.9433962264150944,0.9401492537313433,0.9411764705882353,0.9343283582089552,0.9352941176470588,0.9230769230769231,0.919236757015688,0.9357142857142857,0.9387755102040817,0.9454949944382648,0.9591836734693877,0.9585121602288984,0.9584393553859203,0.9545454545454546,0.9548387096774194,0.9533678756476683,0.9513673318551368,0.9529411764705882,0.9444444444444444,0.9358446144791054,0.9506481702097618,0.9658502932045533,0.9693558474046279,0.9727758807803277,0.9704852426213106,0.970373550880206,0.9642857142857143,0.9602083333333333,0.9528346831824679,0.950792326939116,0.951188986232791,0.956392819157508,0.9634307073607509,0.970970970970971,0.9733333333333334,0.9768339768339769,0.9747915637759502,0.9686609686609686,0.9666444296197465,0.9660241069131403,0.96,0.9571428571428572,0.9549795361527967,0.9615384615384616,0.9696969696969697,0.9763313609467456,0.98,0.9847521990157708,0.9818409233043379,0.9795748228428511,0.9760479041916168,0.9722222222222222,0.9672131147540983,0.9671641791044776,0.9646302250803859,0.9634969578154641,0.9740819525302284,0.9834710743801653,0.9847288046340179,0.9916666666666667,0.9866666666666667,0.981863664790494,0.9769230769230769,0.975,0.9693877551020408,0.9693053311793215,0.9712793733681462,0.9735449735449735,0.9807010634107917,0.9904153354632588,0.9939959973315544,0.9924528301886792,0.9927007299270073,0.9848484848484849,0.9824561403508771,0.9777777777777777,0.976,0.975609756097561,0.9696969696969697,0.9749582637729549,0.9855072463768116,0.9921568627450981,1,1,0.9935483870967742,0.9865470852017937,0.9826086956521739
39,20,Idaho,State,0.959731543624161,0.9513685705754787,0.9610818821785847,0.9695328142380423,0.9731945747521683,1,0.9694415173867229,0.9799196787148594,0.9513888888888888,0.9550126995124455,0.9825081433224756,0.9440993788819876,0.949074501751228,0.9437729291300719,0.9461152882205514,0.9693558474046279,0.9799453551912568,0.9838060893709293,0.9943,0.9885502987838312,0.9737387218045113,0.9869795835188546,0.9957995783293301,0.9642997091895371,0.9962044609665428,0.9716923076923077,1,1.001506976744186,1.0127600554785021,1.0154899598393574,1.006079027355623,1.0089087133262638,1.006046511627907,1.0010319826161485,1,1,1.0181636363636364,1,1.0058768773358155,1,1.0066745452776966,1.0147692307692309,1,0.9971428571428571,0.988826475826972,0.9816363636363636,0.990911892856,0.9724832214765101,0.9690721649484536,0.9836284665129986,0.9877295995182174,0.9904761904761905,1,1,0.9992723419523367,0.9836065573770492,0.9854651162790697,0.97738,0.9789358799454297,0.9690581434886093,0.9776751347190146,0.9881187950496396,1,1,1,1,1,1,0.995784375,0.990789679606224,0.9874472727272727,0.9986981818181818,0.9879032258064516,0.9927366978080052,1,1.0007280430636942,1.0032887727448703,1.000549752611325,1,1,1,1,1,0.9955555555555555,0.9972424242424243,1,1,1.0002632271650433,1.0001562744178778,1.0025207547169812,1,1,1,1,0.9960852544584602,0.9961307225592939,1,1,1,1.011457530020932,1.010989010989011,1.007266806234008,1.0003510003510003,1,1
40,18,Hawaii,State,0.9394572025052192,0.9011264080100125,0.9214092140921409,0.9304564587873541,0.9496373699780514,0.9593023255813954,0.9521423799980914,0.953307392996109,0.9578544061302682,0.9607843137254902,0.966059906059906,0.9566517189835575,0.9587716458973944,0.9460008639407064,0.9571428571428572,0.9457270230466106,0.952292899408284,0.9565217391304348,0.9510869565217391,0.9536456685648002,0.9558823529411765,0.9499136442141624,0.9463917525773196,0.9526908635794743,0.9324667985306584,0.9398663697104677,0.9532710280373832,0.9485639278557114,0.9584178498985801,0.9558242308013007,0.964655099449852,0.9696969696969697,0.9704370179948586,0.9741496598639455,0.9655172413793104,0.9688051181501444,0.9655172413793104,0.9638065204969637,0.9682539682539683,0.9629347986066821,0.9792387543252595,0.9776536312849162,0.9823673106817676,0.9852164071342153,0.9814814814814815,0.9809638429484691,0.9758364312267658,0.9798884524911922,0.9703156864344563,0.9718747253391147,0.9787118557510213,0.9680851063829787,0.9764705882352941,0.9762532981530343,0.9756038058062942,0.976632396202954,0.9790209790209791,0.9743589743589743,0.9651675905425279,0.9711779448621554,0.9690913171013191,0.9636297496610338,0.9731343283582089,0.9761904761904762,0.9757727924872832,0.9789841737210159,0.973048117626431,0.9764705882352941,0.9770178764897075,0.9714285714285714,0.973698277786687,0.9712436828297186,0.9731182795698925,0.9683507600386609,0.9747414816070521,0.9752928877127331,0.9797979797979798,0.9805186590765338,0.9814788732394366,0.9805734369219385,0.9820899389303559,0.9797024102119957,0.9777516598622624,0.9776133994229842,0.9753040258467347,0.9727272727272728,0.973917205072984,0.977715546050526,0.9784614874828106,0.983127109111361,0.9800480102293152,0.98046033434236,0.9795244816486623,0.979381443298969,0.9785677001774715,0.9785773884021693,0.9722222222222222,0.9754601226993865,0.969554367201426,0.9714285714285714,0.9739009287925697,0.9743589743589743,0.9761904761904762,0.9855769230769231,0.9757667913481867
41,28,Maine,State,,,0.927536231884058,0.93,0.9215376513954713,0.9311808353182188,0.9644444444444444,0.9118783745382211,0.9124423963133641,0.9203354297693921,0.9333333333333333,0.910010111223458,0.8989135769686588,0.8867667121418826,0.8898776418242491,0.8950508950508951,0.9191329720716965,0.9439870855458927,0.92,0.9219330855018587,0.9096016584005195,0.9144542772861357,0.8757297748123436,0.912621359223301,0.9113206213024725,0.9018036072144289,0.9267846247712019,0.9102941176470588,0.9492647058823529,0.9457411336768717,0.9444173460618308,0.9070769122516769,0.941426106984833,0.9041591320072333,0.9090909090909091,0.9115109967133657,0.9267241379310345,0.8941798941798942,0.9277262382316824,0.9398496240601504,0.9610983981693364,0.9452054794520548,0.9506726457399103,0.9571130915730534,0.945608628659476,0.9312320916905444,0.9047596125248548,0.9224200802236537,0.9198493813878429,0.9388321995464852,0.923432089265102,0.9515151515151515,0.9459459459459459,0.9615961391081008,0.9633197480548351,0.9571428571428572,0.9440142942227516,0.9377989278422283,0.9322033898305084,0.9181871689228959,0.9104552276138069,0.9308571428571428,0.9335927367055772,0.9461538461538461,0.9598853868194842,0.9578544061302682,0.9687402313222883,0.9582417582417583,0.9483161053684561,0.9458844929513415,0.9297218155197657,0.9292747733666771,0.9365558912386707,0.9303571428571429,0.9511917567992916,0.9553571428571429,0.9669922543809238,0.9666616153962722,0.9678980732598446,0.9645153608001905,0.9567115314659876,0.95,0.9511111111111111,0.9518294287970519,0.9426751592356688,0.9447895100069013,0.9615384615384616,0.9605734767025089,0.9706390328151986,0.9826980264936469,0.9818181818181818,0.9755244755244755,0.967741935483871,0.9569635231774452,0.9585477929212065,0.9583333333333334,0.9501900380076015,0.9524802000833681,0.9620689655172414,0.9774729327966695,0.9808612440191388,0.993431855500821,0.9866220735785953,0.9768414715163594,0.9699954531676265
42,39,New Hampshire,State,0.9188034188034188,0.91324200913242,0.9187613340692266,0.92,0.9305932531989143,0.9388646288209607,0.9178743961352657,0.9233610341643582,0.9305019305019305,0.9119496855345912,0.916972324108036,0.9072724674953565,0.9062253743104807,0.9072058061171592,0.9137931034482759,0.8910891089108911,0.9261838440111421,0.931452935388652,0.9378600409109696,0.9252313078269567,0.9072724674953565,0.9053892215568863,0.8997050147492626,0.8949152542372881,0.8951535319444226,0.8794102159031069,0.8932559178204555,0.9302325581395349,0.9378907878282617,0.9419949968730457,0.9474919331182164,0.9297658862876255,0.927793465106898,0.9246511627906977,0.9259259259259259,0.9285714285714286,0.9137130130448616,0.9264705882352942,0.9293040174396989,0.9433962264150944,0.9554551323434474,0.9608972415883601,0.9626274065685164,0.9592441645053723,0.9487179487179487,0.946049896049896,0.9407001667063587,0.9308613364233295,0.933308632826973,0.9353319126436045,0.9380863039399625,0.9486029665401863,0.9594594594594594,0.9666666666666667,0.9633197480548351,0.9598393574297188,0.9551886792452831,0.9467492502431458,0.9420289855072463,0.9336445481827276,0.9333333333333333,0.9387755102040817,0.9488609543355567,0.9602595770309006,0.9713467048710601,0.9733333333333334,0.972492358988608,0.9661016949152542,0.9609734302814077,0.9506790564689064,0.9523809523809523,0.9491331912839058,0.9444435663315143,0.9396371613972222,0.9535817665137303,0.9632352941176471,0.9749430523917996,0.9764332802909752,0.9750726062691758,0.9730948391407095,0.9690624969787595,0.9684042037867779,0.9632735582379439,0.9583560647390434,0.9555555555555556,0.9567182457214356,0.9665871121718377,0.9784735812133072,0.9857591022987923,0.9906832298136646,0.9854927463731866,0.9803921568627451,0.9787695898632878,0.9733013479552205,0.9705882352941176,0.9689368355222013,0.9629629629629629,0.9606986899563319,0.9715429079590929,0.9828571428571429,0.9931787175989086,0.9970628683744738,0.9915447154471545,0.9849749582637729,0.9766022380467956
43,50,Rhode Island,State,0.91324200913242,0.8893006097619998,0.9151785714285714,0.8947368421052632,0.9122961657117673,0.8999532491818607,0.9152249134948097,0.900562851782364,0.8936825885978429,0.895535981044819,0.8904428904428905,0.8735938799523213,0.8888888888888888,0.8745098039215686,0.8894601542416453,0.8935822376772347,0.9062205823348839,0.9090578392142598,0.9110396570203644,0.9107806691449815,0.8934953538241601,0.8841698841698842,0.8805870580386924,0.875,0.8787143723468769,0.8776138318920177,0.888646288209607,0.8832684824902723,0.916972324108036,0.9236947791164659,0.9236947791164659,0.919732441471572,0.9111111111111111,0.9139426284189459,0.9168624570188633,0.9023668639053254,0.9050445103857567,0.9196122263523587,0.9215376513954713,0.9227272727272727,0.9321864372874575,0.9447068630175048,0.948238364506307,0.9417249417249417,0.9266123054114158,0.9285714285714286,0.936139489336674,0.9260974572200953,0.9166058201736761,0.9181969949916527,0.9328091493924232,0.9377767746780413,0.9498582021984271,0.9540229885057471,0.9539872971065633,0.9465533806553381,0.9256171810356539,0.9333348888940741,0.9310344827586207,0.9215376513954713,0.9306654257794323,0.9209687382176692,0.9237875288683602,0.9388436264535738,0.9523809523809523,0.9624094337085514,0.9555984555984556,0.9540401842077383,0.9467667023937121,0.9450561423012784,0.945108329601157,0.9387755102040817,0.9271523178807947,0.94,0.9424468379376323,0.9545454545454546,0.9610208732771407,0.971008321775312,0.9693558474046279,0.9636363636363636,0.9603644906238358,0.9558232931726908,0.9534883720930233,0.9480968858131488,0.948542325254654,0.9523809523809523,0.9504752376188094,0.9621841502299274,0.9696969696969697,0.9782608695652174,0.9777165107968804,0.9752960748225641,0.9734081483288607,0.962881919118243,0.9665489674379282,0.9566008491138217,0.9584518504596948,0.9587020648967551,0.9630379804039215,0.9724406572854205,0.980327657378741,0.9867115660503585,0.9792872534503005,0.9753196207663515,0.9651582337171857
44,35,Montana,State,0.9348914858096828,0.9816072587703408,0.9654202985119993,0.9810020202020202,1.0095399654974122,0.9676145339652449,0.9085016835016835,0.9723889555822329,0.9248497227896119,0.9943561742812559,0.9433425605536332,0.924974131736527,0.9102425531914894,0.9238514746466839,0.9700759614914725,1.0063424848766869,0.9810846560846561,0.9974811083123426,0.9541375661375662,0.9800333492139114,1.0013630136986302,0.9824561403508771,0.9631827956989247,0.9505289188453876,0.9413979983566085,0.9626857142857143,0.9467813953488372,1.0115083798882682,0.9900125078173858,1.0246770974920776,0.9953899182004089,1.0230921837335254,0.9901740703087378,1.0155095013837938,0.9821108564284226,0.9980658938377059,0.9846153846153847,1.0004170731707318,1.0047236180904522,1.0238909090909092,1.0010020040080159,0.9934051558291651,1.0013,0.9850979574822842,0.9673936968484242,0.9810577395577396,0.9894697348674337,0.9946877310189575,0.9875431521281078,0.9723889555822329,0.9799554565701559,0.9804902451225613,0.9957562897847833,1.0026455026455026,1.0263101938711694,0.9950417536534447,0.9927342243737972,0.9770495796422929,0.982532751091703,1,0.9827004219409282,0.9954334090956483,1,0.9974942084942084,0.9943285982310373,1,1,0.9898668421052632,0.9933155080213903,0.9869323681468001,0.9708210023866348,0.9830179241350563,0.9701656571424162,0.9696969696969697,0.988003952015808,1,0.9908141176470588,1,1,0.9986981818181818,0.976585138692043,0.966767072606752,0.9816195617656399,0.9897260273972602,0.9690559314155864,0.9927107061503417,0.9872744935064934,0.9846153846153847,1,0.9973684210526316,1,0.9844695972624374,0.979477794045876,0.9713361823361824,1,0.9819254050864354,0.971781217339372,0.9953302201467645,1,1,0.9917119176907688,1,1,0.9934733893557423,0.9888538173437049
45,13,Delaware,State,0.9297338630583307,0.9096989966555183,0.9188750676041103,0.9333333333333333,0.9430817610062893,0.9380863039399625,0.9357857373346241,0.9266628766344513,0.925728878484784,0.9252698719861693,0.9058399019213093,0.9183673469387755,0.9034470288044898,0.8872075990274695,0.890149437829119,0.9071428571428571,0.91,0.9320695102685624,0.9209382635735859,0.9137763340324291,0.9053489422570202,0.9147869674185464,0.8986156992291962,0.9016824196597354,0.8858787863440187,0.903010033444816,0.9047619047619048,0.9130434782608695,0.9196774193548387,0.9333676688002532,0.9370213500694113,0.9041939207387457,0.899855431991538,0.9182736455463728,0.9003601440576231,0.9147212958551691,0.9036345448482828,0.9194740368290868,0.8823446327683615,0.9002000444543232,0.9214341437467355,0.9383532723434201,0.9435483870967742,0.9427851745232098,0.9351270738830547,0.9212283044058746,0.9073146747400517,0.9280373520980625,0.933288859239493,0.935795375128506,0.9364189901530238,0.922893718368562,0.9352941176470588,0.944549394377153,0.936413412463309,0.9427003596790555,0.9477727598188576,0.9375,0.9176276338167105,0.9310133622449698,0.9334286395044079,0.9272727272727272,0.923635189236291,0.9472445577564228,0.9517175628501863,0.9428927441515609,0.9475023687559219,0.9444444444444444,0.9336026631530563,0.9430929269179014,0.9531772575250836,0.9288730793933107,0.9205126181168162,0.9386848405366088,0.9528417030843577,0.9600960192038408,0.9636730911786509,0.965445683814873,0.9629355077835434,0.96640241600604,0.9565094801549932,0.9597188429305218,0.9506338616041851,0.9536859413537956,0.9544025157232705,0.9425710920410567,0.9555555555555556,0.9545454545454546,0.9671368072809658,0.9746499915660618,0.9713684052194187,0.9616805170821792,0.9591056192997941,0.965250662526854,0.958904109589041,0.955541664186065,0.9575757575757575,0.9616545426404581,0.9663250366032211,0.9690600992862987,0.973592958122166,0.9791535060012634,0.9777777777777777,0.9746031746031746,0.9591753639566576
46,52,South Dakota,State,,,,,,,,,,,,,,,0.894681411269089,0.9463752028007857,0.9447852760736196,0.9611481588866339,0.9202453987730062,0.9605882352941176,0.9321182837495046,0.9389185317654266,0.9282821519404291,0.9180675604856083,0.8942164819734555,0.9128803668195081,0.9379336649176333,0.9464575446187128,0.9574449139242658,0.9581587926686177,0.9676818186791817,0.9586776859504132,0.9626903073081183,0.947678221059516,0.9510567296996663,0.9498630967961741,0.9534883720930233,0.9477825464949928,0.969983207678541,0.9738827133194914,0.9771489668548126,0.9720176730486009,0.9709621327652844,0.9675324675324676,0.9693558474046279,0.9711428571428572,0.9682804674457429,0.9621848739495799,0.9562090095265451,0.9556211425980154,0.9594712103934864,0.9671052631578947,0.9735986402733188,0.9729583558680368,0.9739826551034023,0.967741935483871,0.9711598746081505,0.9727626459143969,0.9707298999629492,0.9567438833170616,0.9445349258052841,0.9479907798693814,0.9713664965463527,0.9814436298174596,0.975609756097561,0.9708211754897874,0.9789362822538178,0.9721627818843714,0.9732142857142857,0.9623430962343096,0.9620642678112041,0.96305,0.9689612015018774,0.9692737430167597,0.97868638538495,0.9777171441564347,0.9768677711784933,0.9819819819819819,0.9834190966266438,0.9769641387673784,0.9742228961334344,0.9699909063352531,0.971418363701322,0.967741935483871,0.9710828262182376,0.9646302250803859,0.9694353422524757,0.9796954314720813,0.9830508474576272,0.9907310111677112,0.9909070243237099,0.9840909090909091,0.9821109123434705,0.9743589743589743,0.9698895951823352,0.9685242518059856,0.9702850212249848,0.9676363283895246,0.9758364312267658,0.981491967618808,0.9846153846153847,0.9897172236503856,0.9880459770114942,0.9815024537561344,0.9814814814814815
47,3,Alaska,State,0.9835932580107427,1.0541892675084454,1.0541817728632286,1.0693280423280422,1.0978586450353012,1.1007032967032968,1.0594666666666666,1.09476,1.07304296875,1.0239518581290818,1.0693206951026857,1.034474157303371,1.005168820341809,1.0313849056603774,1.0320274508613099,1.052483766722311,1.0678888888888889,1.0723818201384854,1.074296178343949,1.0864106666666666,1.0719234066578127,1.0662206515633776,1.0118847539015605,1.0407373056393594,1.0631115384615384,1.0723178050871678,1.0437825059101655,1.04773786407767,1.0871046511627906,1.0863407407407408,1.0559049703032197,1.072087279700484,1.081236221868265,1.0744132052460984,1.0399555308504724,1.0563766855154415,1.0195979899497487,1.0631265306122448,1.0414618705035972,1.088802379021357,1.0614684095860567,1.0744346207538389,1.075673640167364,1.0672077922077923,1.0324129651860745,1.049483349925336,1.0386607655502393,1.0154440154440154,1.001189549749861,1.0297803921568627,1.0194473684210525,0.9815753887762001,0.9821428571428571,0.9867172675521821,1.0553936494127882,1.036823647294589,1.0664772954590918,1.0443744855967079,1.038165137614679,1.0414681647940074,1.0560972506441317,1.0292116846738695,1.073248,1.040943005181347,1.0455139240506328,1.0428033431926038,1.0442639914392724,1.0250385907450563,1.0208333333333333,1.0415733333333332,1.0390774365821094,1.026016123614377,1.022873831189893,1.0379591053467603,1.033084677419355,1.0178508997429305,1.0113238938053097,1,1,1,1,1,0.9926592035235823,1,1,0.9981132075471698,1,1,1,1,1,1,1,1,1.0073382254836558,1.0307162790697675,1.018154128440367,1.0202141176470587,1.0043668122270741,1.061209955877776,1.0581746513038206,1.0720266666666667,1.0558529554465776,1.061003861003861,1.06412987012987
48,37,North Dakota,State,0.97500435028187,0.9572742022714981,0.9583991574512901,0.9685225405899347,0.95129442738043,0.9726438615498635,0.9780628146727404,0.9716432329968103,0.9523809523809523,0.9720513720588881,0.9627329192546584,0.9454834347532116,0.9408508061313636,0.964176245210728,0.9414054799051768,0.9741969457609269,0.961265332472563,0.9746835443037974,0.9793948017216565,0.9761749860740816,0.959983993597439,0.9490084985835694,0.9731069866740125,0.9526077637532746,0.9508196721311475,0.9503167722574192,0.9683343888537049,0.9826589595375722,0.9705882352941176,0.9873817034700315,0.982752673335633,0.9915518008003558,0.9831932773109243,0.9809523809523809,0.9761909090909091,0.9734820824881677,0.9661802839186041,0.9794391460113638,0.9748589020010262,0.985,1,1,0.9930555555555556,1,0.9794598706732598,0.9919114516815666,0.9769230769230769,0.9657478148046241,0.9711297071129708,0.9761904761904762,0.9811320754716981,0.9924417738491335,0.9946396664681358,1,0.9885057471264368,0.9855421686746988,0.9889873417721519,0.9830508474576272,0.9829311359623308,0.982211762518832,0.9732084969149758,0.9628252788104089,0.9887359198998749,0.9871794871794872,1,0.9909049567985448,0.9923037455105183,0.9926894959599846,0.9836628955566487,0.9818181818181818,0.9720670391061452,0.976390556222489,0.9720775161491978,0.9714285714285714,0.9791666666666666,0.9814814814814815,0.983290465057943,0.9850746268656716,0.9827845967427246,0.9826256652868125,0.9781400518710633,0.9746166731091355,0.9760482336719223,0.969144312393888,0.9574468085106383,0.9622641509433962,0.972972972972973,0.9787878787878788,0.9811465948441709,0.9852793576446972,0.9803921568627451,0.9696399152741821,0.9652173913043478,0.9688888888888889,0.962059620596206,0.9552191825336717,0.956,0.9548313321898227,0.9567283641820911,0.9675443968156767,0.9739405106607002,0.9787367104440275,0.9770114942528736,0.9673115410273516,0.9687721631205674
49,58,Vermont,State,0.8934953538241601,0.8890214797136038,0.8807588075880759,0.8923569427771109,0.8805031446540881,0.9371875,0.9222423146473779,0.9480626545754328,0.9253855773238849,0.8949723611476704,0.9063017105730673,0.9178887993553586,0.9069212410501193,0.8656716417910447,0.9130434782608695,0.9065217391304348,0.9059008536114246,0.9259259259259259,0.9376953939141308,0.9313186813186813,0.92,0.9140958605664488,0.8990582695703355,0.8844444444444445,0.8857142857142857,0.9053285049146405,0.9215376513954713,0.9280575539568345,0.9259259259259259,0.9347826086956522,0.9545672198461996,0.931934731934732,0.9494949494949495,0.9213250517598344,0.9073098914480882,0.8991598058106653,0.9069767441860465,0.9052631578947369,0.9128526645768025,0.9288368105172906,0.9348874805444962,0.9396551724137931,0.9444444444444444,0.9435897435897436,0.9398496240601504,0.9232804232804233,0.9285714285714286,0.9230769230769231,0.9287925696594427,0.9163973719269324,0.9257522062400112,0.9388560157790927,0.9519480519480519,0.9621552277100706,0.9463414656069543,0.9425837320574163,0.9326930459931919,0.9118852459016393,0.9223300970873787,0.9052814407608513,0.9224318658280922,0.9056603773584906,0.9147560961720254,0.9347826086956522,0.9382874734202926,0.9523809523809523,0.9466836734693878,0.9422536317235963,0.9315068493150684,0.9272727272727272,0.9166203446359088,0.9129213483146067,0.9147869674185464,0.9255467659376454,0.9395973154362416,0.9344827586206896,0.9433962264150944,0.9560867148415787,0.9574506954365568,0.9409780775716695,0.9407407407407408,0.9538461538461539,0.9296482412060302,0.9333333333333333,0.9177049764616778,0.919732441471572,0.9333333333333333,0.9552238805970149,0.9609120521172638,0.9577464788732394,0.968615687679083,0.9656084656084656,0.9489795918367347,0.9442399023725441,0.9482758620689655,0.9488510007412898,0.9298245614035088,0.9523809523809523,0.9425287356321839,0.9543659499780606,0.963141355508899,0.9649749821300929,0.9793899377932991,0.9785484242005982,0.9723273273273273
50,12,District of Columbia,State,0.9688995215311005,0.9301860372074415,0.9482156465528796,0.9698275862068966,0.9612277867528272,0.9743589743589743,0.9651416122004357,0.9661249424233824,0.9570120383139891,0.9643662767715748,0.9649329253942104,0.9570242964591195,0.940677966101695,0.9539172092375142,0.9431438127090301,0.9583333333333334,0.9586206896551724,0.9574468085106383,0.9602194787379973,0.9609856262833676,0.9599198396793587,0.9557109557109557,0.9626173894432879,0.9547190398254228,0.9439073195255887,0.9427726561141068,0.971731583202549,0.9750012187530468,0.9789841737210159,0.9791355721393035,0.980317658978485,0.9855024751956767,0.9748452635696372,0.974910394265233,0.9842465551326312,0.9766713467977104,0.9759611375198065,0.9716981132075472,0.9821428571428571,1,1,1,1,1,0.9957768392976217,0.9902931850353107,0.9887929735251269,0.9814557077178634,0.9799014592644446,0.9759376511454074,0.986574767755469,0.9947312961011591,1,1,1,0.9953356086461889,0.9919648134835051,1,0.9898136967396929,0.9783777466105656,0.974757281553398,0.9845407020164302,0.9952951158430611,1,1,1,1,1,1,1,0.9967287520889114,0.9891086908201823,0.9788078541374474,0.9772738882295463,0.9961439588688946,1,1,1,1,0.9972331297557433,0.9884980830138357,1,0.9954235779559245,0.9870978355890705,0.980716965824967,0.9919289797975779,1,1,1,1,1,0.9894975957110588,0.9876313941336043,1,0.9964845704961851,0.984182776801406,0.9764344998422512,0.9856065628107391,0.993265821637725,1,1,1,1,1,0.9836128783497204
51,62,Wyoming,State,,,,,,,,,,,,,,,1.0678032786885245,1.021121568627451,0.9947675103001766,1.0610139130434784,1.0476958882854925,1.0585783890483311,1.0261639091958445,1.036780172413793,1.0056789473684211,1.0480113636363637,1.0275096774193548,1.0639721043056398,1.0279018181818182,1.0537858508604208,1.0673131467220733,1.0370266666666668,1.0422064896755163,1.021399507116985,1.0417750366507588,0.980580487804878,1,1.0009771428571428,1.0025727272727272,1.0001660280970626,1.0305466666666667,1.0333078281341965,1.0187366818873669,1.043032581453634,1,1.0234638980651252,1.0041213972695096,1.02617903930131,1.0019106347562776,1.0103287671232877,1.0045226018271793,0.99154275092936806,1,0.9735433800731617,1,1.0222255639097744,1,1,1.0093415106520336,1,0.9977428571428572,1.0351751426827716,1,0.9941159164460135,1,0.9963636363636363,1,1,1.0127659574468084,1,1,0.9951492537313433,1,0.986929104477612,0.9807313282832071,1,1,1,1,1.0099760817708465,1.0098039215686274,0.9996,1,1,0.9847884865833262,0.9899724770642202,0.9772609819121447,1,1,1,1,1,1,1.000515873015873,1,1,1,1,1,0.9976947368421053,1,1.0275934579439252,1,1.0303725420071037,1.0208248264597795,1.0144963829274174,1.0328331862312445
